제목,설명,한글
ㄱ[기역],한글 자모의 첫째 글자.,기역
가감 (加減),더하거나 뺌.,기역
가건물(假建物),임시로 지은 건물.,기역
가게,작은 규모로 물건을 파는 곳.,기역
가격(價格),물건의 가치를 돈으로 나타낸 것.,기역
가결(可決),회의에서 제출된 의안을 인정하고 좋다고 결정함.,기역
가계(家計),가정의 수입과 지출 상태.,기역
가곡(歌曲),우리나라 전통 성악곡의 하나. 서양 음악에서 시에 곡을 붙인 성악곡.,기역
가공(加工),원자재나 반제품에 기술과 힘을 들여 새로운 제품을 만들거나 제품의 질을 높임.,기역
가구(家具),집안 생활에 필요한 여러 가지 기구.,기역
가구주(家口主),한 가구의 법적인 대표가 되는 사람.,기역
가까스로,애 써서 겨우. 간신히.,기역
가깝다¹,어느 한 곳에서 다른 곳까지의 거리가 짧다.,기역
가깝다²,서로의 사이가 친밀하다.,기역
가꾸다¹,생물이 잘 자라도록 손질하고 보살피다.,기역
가꾸다²,꾸미다. 치장하다.,기역
가끔,시간적·공간적 간격이 얼마쯤씩 뜨게.,기역
가나(Ghana),아프리카 서부 기니 만에 인접한 공화국.,기역
가나안(Canaan),팔레스타인 요르단 강 서쪽 지역의 옛 이름.,기역
가난,형편이 넉넉하지 못하고 쪼들림.,기역
가냘프다,몸이나 팔다리가 몹시 가늘고 연약하다.,기역
가늘다,물체의 굵기나 너비가 얇거나 좁다.,기역
가능(可能),할 수 있거나 될 수 있음.,기역
가다,한 곳에서 다른 곳으로 움직이다.,기역
가다듬다,"정신, 생각, 마음 따위를 바로 잡거나 정리하다.",기역
가담(加擔),같은 편이 되어 일을 함께 하거나 도와줌.,기역
가두다,일정한 장소에 넣고 밖으로 나오지 못하게 하다.,기역
가득하다,분량이나 수효가 어떤 범위나 한도에 꽉 차다. 가득히.,기역
가라앉다¹,액체 표면에 떠 있거나 섞여 있는 것이 밑바닥으로 내려 앉다.,기역
가라앉다²,호흡이나 마음의 흥분이 안정되다.,기역
가랑비,가늘게 내리는 비.,기역
가랑잎,활엽수의 떨어진 마른 잎.,기역
가래,목구멍에 생기는 끈적끈적한 분비물.,기역
가래떡,가는 원통형으로 길게 뽑아 일정한 길이로 자른 흰떡.,기역
가래침,가래가 섞인 침.,기역
가련하다,가엾고 불쌍하다.,기역
가렵다,피부에 긁고 싶은 느낌이 있다.,기역
가령(假令),어떠한 일을 가정(假定)하여 말하여.,기역
가로,왼쪽에서 오른 쪽으로 나 있는 방향.,기역
가로등(街路燈),거리의 조명. 또는 교통의 안전을 위해 길가에 설치한 조명등.,기역
가로수(街路樹),길을 따라 줄지어 심은 나무.,기역
가로채다,옆에서 갑자기 쳐서 빼앗다.,기역
가루,잘게 부수거나 갈아서 만든 것.,기역
가루약,가루로 된 약.,기역
가르다,나누다.,기역
가르마,머리카락을 양쪽으로 갈랐을 때 생기는 금.,기역
가르치다,"지식이나 기능, 이치 따위를 깨닫거나 배우게 하다.",기역
가리키다,손가락 따위로 어떤 방향이나 대상을 접어서 보이거나 알리다.,기역
가마,옛날에 사람이 안에 타고 둘이나 넷이 들거나 메던 조그만 집 모양의 탈것.,기역
가마니,곡식이나 소금 따위를 담기 위하여 짚으로 짠 큰 자루.,기역
가마솥,크고 우묵한 솥.가마.,기역
가만있다,몸을 움직이거나 관계하지 않고 조용히 있다.,기역
가만히,움직이지 않거나 아무 말 없이.,기역
가망(可望),될 만하거나 가능성이 있는 희망.,기역
가매장(假埋葬),시체를 임시로 묻음.,기역
가면(假面),"얼굴을 감추거나 달리 꾸미기 위하여 나무, 종이, 흙 따위로 만든 얼굴의 형상.",기역
가명(假名),실제의 자기 이름이 아닌 이름.,기역
가무(歌舞),노래와 춤.,기역
가물거리다,멀리 있는 물체가 보일 듯 말 듯 희미하다.,기역
가뭄,오랫동안 계속하여 비가 내리지 않아 메마른 날씨.,기역
가발(假髮),머리털이나 이와 유사한 것으로 머리 모양을 만들어 쓰는 것.,기역
가방,물건을 넣어 들거나 메고 다닐 수 있게 만든 용구.,기역
가볍다,무게가 일반적이거나 기준이 되는 대상의 것보다 적다.,기역
가불(假拂),봉급의 일부 또는 전액을 기일 전에 임시로 지급하는 일. 또는 그 돈.,기역
가쁘다,몹시 숨이 차다.,기역
가사(家事),가정 살림에 관한 일.,기역
가사(假死),의식불명이 되어 호흡이 멈춰지고 맥박이 미약해져 얼핏 보기에 죽은 것 같이 보이는 상태.,기역
가사(歌詞),"가곡, 가요, 오페라 따위로 불려질 것을 전제로 하여 쓰여진 글.",기역
가산(加算),더하여 셈함.,기역
가산(家産),한 집안의 재산.,기역
가설(架設),"전깃줄이나 전화선, 교량 따위를 공중에 건너질러 설치함.",기역
가설(假設),임시로 설치함.,기역
가설(假說),어떤 현상이나 사실의 원인을 설명하거나 어떤 이론 체계를 규정하기 위하여 가정적으로 설정한 명제.,기역
가솔린(gasoline),석유의 휘발 성분을 이루는 무색의 액체.,기역
가수(歌手),노래 부르는 것이 직업인 사람.,기역
가스(gas),기체 물질을 통틀어 이르는 말.,기역
가슴,배와 목 사이의 부분.,기역
가시,바늘처럼 뾰족하게 돋친 것.,기역
가야금(伽倻琴),"오동나무로 길게 만든 공명관 위에 열 두 줄을 세로로 매어, 각 줄을 기러기 발로 받친 우리나라 고유의 현악기.",기역
가열(加熱),어떤 물질에 열을 가함.,기역
가엾다,마음이 아플 만큼 딱하고 불쌍하다.,기역
가옥(家屋),사람이 사는 집.,기역
가운(家運),집안의 운수.,기역
가운데,"일정한 선, 공간이나 입체를 갖는 사물에서, 한쪽으로 치우치지 않고 양끝에서 거의 같은 거리에 있는 부분.",기역
가위,"옷감, 종이, 머리털 따위를 자르는 기구.",기역
가을,한 해의 네 철 가운데 셋째 철.,기역
가입(加入),조직이나 단체 따위에 들어가거나 참석함.,기역
가장,여럿 가운데 어느 것보다 정도가 높거나 세게.,기역
가장(家長),한 가정을 이끌어 나가는 사람.,기역
가정(家庭),가족이 생활하는 공동체.,기역
가정방문(家庭訪問),"교사가 학생의 가정환경을 이해하고 학부모의 협조를 위하여, 학생의 가정을 방문하는 일.",기역
가정부(家政婦),일정한 보수를 받고 집안일을 해 주는 여자.,기역
가져가다,한 곳에서 다른 곳으로 옮겨가다.,기역
가져오다,어떤 것을 한 지점에서 다른 지점으로 옮겨오다.,기역
가족(家族),"부모, 부부, 형제, 자매, 자녀 등 혈연에 의해 맺어져 생활하는 공동체. 또는 구성원.",기역
가죽,동물의 몸을 싸고 있는 질긴 껍질.,기역
가지¹,주로 삶아서 나물로 먹는 짙은 보랏빛의 긴 열매.,기역
가지²,나무나 풀의 원줄기에서 뻗어 나온 줄기.,기역
가지다,손에 쥐고 있거나 몸에 지니다.,기역
가짜(假-),진짜처럼 꾸민 것.,기역
가축(家畜),집에서 기르는 짐승.,기역
가치(價値),사물이 지니고 있는 중요성.,기역
가톨릭(Catholic),천주교.,기역
각(角),두개의 직선이나 면이 만나 이루어지는 모서리.,기역
각각(各各),제각기. 따로따로.,기역
각서(覺書),약속을 지키겠다는 내용을 적은 문서.,기역
각오(覺悟),앞으로 해야 할 일이나 겪을 일에 대한 마음을 작정함.,기역
각자(各自),각각의 사람.,기역
각처(各處),각각의 여러 곳.,기역
간(肝),가로막 바로 밑의 오른쪽에 있는 기관.,기역
ㄴ [니은],한글 자모의 둘째 글자.,니은
나,말하는 이가 대등한 관계에 있는 사람이나 아랫사람을 상대하여 자기를 가리키는 일인칭 대명사.,니은
나가다,일정한 지역이나 공간의 범위와 관련하여 안에서 밖으로 이동하다.,니은
나그네,자기 고장을 떠나 다른 곳에 잠시 머물거나 떠도는 사람.,니은
나날이,날로.,니은
나누기(除),어떤 수를 다른 수로 나누는 것.,니은
나누다,하나를 둘 이상으로 가르다.,니은
나눗셈,어떤 수로 다른 수를 나누는 셈법.,니은
나다,어떤 현상이나 사건이 일어나다.,니은
나라,한 국토에서 하나의 주권 아래 있는 사람들의 조직.,니은
나란하다,여럿이 줄지어 늘어선 모양이 가지런하다. 나란히.,니은
나루터,나룻배가 닿고 떠나는 일정한 곳.,니은
나르다,물건을 한 곳에서 다른 곳으로 옮기다.,니은
나막신,나무를 파서 만든 것으로 앞뒤에 높은 굽이 있는 신.,니은
나머지,어떤 양을 채우고 남은 부분.,니은
나무,줄기나 가지가 크고 단단한 여러해살이 식물.,니은
나무꾼,산에서 땔나무를 모으는 사람.,니은
나무라다,잘못을 꾸짖어 알아듣도록 말하다.,니은
나물,사람이 먹을 수 있는 풀이나 나뭇잎 따위 또는 그것으로 만든 음식을 통틀어 이르는 말.,니은
나뭇잎,나무의 줄기나 가지에 달린 잎.,니은
나방,나비와 비슷하나 주로 밤에 날아다니며 식물에 해를 끼치는 알을 낳는 곤충.,니은
나병,사람의 살갗이 헐고 곪으며 손가락과 얼굴 신경이 마비되는 전염병.,니은
나비,가는 몸통에 갖가지 무늬를 가지며 낮에 활동하는 곤충.,니은
나비넥타이(-necktie),날개를 편 나비 모양으로 매듭을 지은 넥타이.,니은
나쁘다,좋지 아니하다.,니은
나사(螺絲),"몸 표면에는 소라 껍데기처럼 비틀리어 홈이 나 있고, 머리에는 드라이버로 돌릴 수 있도록 홈이 나 있는 못.",니은
나서다,앞이나 밖으로 나와 서다.,니은
나선(螺旋),물체의 겉모양이 소라 껍데기처럼 비틀린 것.,니은
나아가다,앞으로 향해 가다.,니은
나오다¹,안에서 밖으로 오다.,니은
나오다²,속에서 바깥으로 솟아나다.,니은
나이,사람이나 동·식물 따위가 세상에 나서 살아온 햇수.,니은
나이지리아(Nigeria),아프리카 서부 기니만에 면한 연방 공화국.,니은
나중,얼마의 시간이 지난 뒤.,니은
나체(裸體),벌거벗은 몸.,니은
나침반(羅針盤),자석으로 된 바늘로 방위를 알 수 있게 하는 기구.,니은
나타나다,보이지 아니하던 어떤 대상의 모습이 드러나다.,니은
나타내다,보이지 아니하던 어떤 대상이 모습을 드러내다.,니은
나태(懶怠),"행동, 성격 따위가 느리고 게으름.",니은
나팔(喇叭),금속으로 만든 관악기의 하나.,니은
나팔꽃,줄기는 덩굴져서 감기고 여름에 피는 나팔 모양의 꽃.,니은
나팔수(喇叭手),나팔 부는 일을 맡은 사람.,니은
낙(樂),살아가는 데서 느끼는 즐거움이나 재미.,니은
낙담(落膽),바라던 일이 뜻대로 되지 않아 마음이 몹시 상함.,니은
낙망(落望),희망을 잃고 몹시 실망함.,니은
낙서(落書),"글자, 그림 따위를 장난으로 아무 데나 함부로 씀.",니은
낙선(落選),심사나 선발에서 떨어짐.,니은
낙심(落心),바라던 일이 이루어지지 아니하여 마음이 상함.,니은
낙엽(落葉),말라서 떨어진 나뭇잎.,니은
낙오(落伍),대오에서 처져 뒤떨어짐.,니은
낙원(樂園),아무런 괴로움이나 고통이 없이 안락하게 살 수 있는 즐거운 곳.,니은
낙제(落第 ),성적이 일정한 수준이 못되어 진학이나 진급을 못함.,니은
낙지,오징어와 비슷하나 더 크고 8개의 긴 다리를 가진 바다 동물.,니은
낙타(駱駝),등에 혹이 나 있고 사막 지대에서 사람이 타거나 짐을 나르는 데 쓰이는 동물.,니은
낙태(落胎),태아를 모체에서 인공적으로 떼어 내어 없애는 것.,니은
낙하산(落下傘),비행 중인 항공기 따위에서 사람이나 물건을 안전하게 땅 위에 내리도록 하는 데 쓰는 기구.,니은
낚다,낚시로 물고기를 잡다.,니은
낚시,물고기를 잡는 데 쓰는 도구. 또는 그것으로 물고기를 낚는 일.,니은
낚시터,낚시질하는 곳.,니은
낚싯대,물고기를 잡는 가늘고 긴 대.,니은
낚아채다,무엇을 갑자기 세차게 잡아당기다.,니은
난(蘭),잎이 길고 향기가 좋아 주로 집 안에서 가꾸는 여러해살이 풀.,니은
난국(難局 ),일을 하기 어려운 상황이나 국면.,니은
난동(亂動),질서를 어지럽히며 마구 행동함.,니은
난로(暖爐),"석탄, 석유, 장작 등을 연료로 하여 공간을 따뜻하게 하는 기구.",니은
난리(亂離),전쟁이나 병란(兵亂).,니은
난방(暖房),건물의 안이나 방 안을 따뜻하게 함.,니은
난색(難色),꺼리거나 어려워하는 기색.,니은
난쟁이,보통 사람보다 키가 유난히 작은 사람.,니은
난처하다,이럴 수도 없고 저럴 수도 없어 처신하기 곤란하다.,니은
난치병(難治病),고치기 어려운 병.,니은
날,자정에서 다음 자정까지의 24시간.,니은
날개,새나 곤충의 몸 양쪽에 붙어서 날아다니는 데 쓰는 기관.,니은
날다,공중에 떠서 어떤 위치에서 다른 위치로 움직이다.,니은
날로,날이 갈수록.,니은
날리다,지녔던 것을 헛되게 잃어버리다.,니은
날마다,하루도 빠짐없이.,니은
날쌔다,동작이 가볍고 재빠르다.,니은
날씨,그 날의 기상 상태.,니은
날씬하다,키가 좀 크고 몸이 가늘어 맵시가 있다.,니은
날아가다,공중으로 날면서 가다.,니은
날짜,어느 해의 어느 달 며칠에 해당하는 그날.,니은
날치기,남의 물건을 잽싸게 채어 달아나는 짓이나 사람.,니은
날카롭다,끝이 뾰족하거나 날이 서 있다.,니은
낡다,물건 따위가 오래되어 헐고 너절하다.,니은
남,자기 이외의 다른 사람.,니은
남(男),남자.,니은
남(南),남쪽.,니은
남기다,‘남다’의 사동사.,니은
남녀(男女),남자와 여자를 아울러 이르는 말.,니은
남녀노소(男女老少),"남자와 여자, 늙은이와 젊은이란 뜻으로, 모든 사람을 이르는 말.",니은
남녀평등(男女平等),남녀 사이에 차별이 없음.,니은
남다,나머지가 있게 되다.,니은
남대문(南大門),‘숭례문’의 다른 이름.,니은
남동생,남자 동생.,니은
남루,옷 따위가 낡아 해지고 차림새가 너저분하다.,니은
남매(男妹),오빠와 누이를 아울러 이르는 말.,니은
ㄷ[디귿],한글 자모의 셋째 글자.,디귿
다,남거나 빠진 것이 없이 모두.,디귿
다가오다,어떤 대상이 있는 쪽으로 더 가까이 옮기어 오다.,디귿
다과(茶菓),차와 과자를 아울러 이르는 말.,디귿
다급하다,일이 바싹 닥쳐서 몹시 급하다. 다급히.,디귿
다니다,이리저리 오고 가고 하다.,디귿
다달이,달마다.,디귿
다람쥐,쥐와 비슷하나 긴 꼬리에 털이 많이 나 있고 몸에는 황갈색의 줄무늬가 있는 산짐승.,디귿
다르다,비교가 되는 두 대상이 서로 같지 아니하다.,디귿
다리¹,동물의 몸통 아래에 붙어 있는 신체의 부분.,디귿
다리²,물을 건너거나 또는 한쪽에서 다른 쪽으로 건너다닐 수 있도록 만든 시설물.,디귿
다리다,옷이나 천 따위의 주름이나 구김을 펴고 줄을 세우기 위하여 다리미나 인두로 문지르다.,디귿
다리미,옷이나 천 따위의 주름이나 구김을 펴고 줄을 세우는 데 쓰는 도구.,디귿
다리미질,다리미로 옷이나 천 따위를 다리는 일. 다림질.,디귿
다만,다른 것이 아니라 오로지.,디귿
다물다,입술을 꼭 맞대다.,디귿
다방(茶房 ),차(茶)나 음료 따위를 판매하는 곳.,디귿
다수결(多數決),많은 사람의 의견에 따라 안건의 가부를 결정하는 일.,디귿
다스리다,"국가나 사회, 단체, 집안의 일을 보살펴 관리하고 통제하다.",디귿
다시,하던 것을 되풀이해서 또.,디귿
다양(多樣),여러 가지 모양이나 양식.,디귿
다음¹,어떤 차례의 바로 뒤.,디귿
다음²,일정한 시간이 지난 뒤.,디귿
다음³,어떤 일이 끝난 후나 말이나 글에서 바로 뒤따라오는 것.,디귿
다음주,다음에 오는 주.,디귿
다이빙(diving),"수영에서, 높은 곳에서 뛰어 머리를 먼저 물속에 잠기게 하여 들어가는 일을 겨루는 경기.",디귿
다이아몬드(diamond),팔면체의 결정으로 광물 중 제일 단단하고 광택이 매우 아름다운 보석.,디귿
다이얼(dial),전화기의 숫자 판.,디귿
다정(多情),정이 많음.,디귿
다짐,마음이나 뜻을 굳게 가다듬어 정함.,디귿
다치다,부딪치거나 맞거나 하여 신체에 상처를 입다.,디귿
다투다,의견이나 이해의 대립으로 서로 따지며 싸우다.,디귿
다행(多幸),뜻밖에 일이 잘되어 좋음.,디귿
닦다¹,더러운 것을 없애거나 윤기를 내려고 문지르다.,디귿
닦다²,치아를 문지르다.,디귿
단결(團結),많은 사람이 마음과 힘을 한데 뭉침.,디귿
단계(段階),일의 차례를 따라 나아가는 과정.,디귿
단교(斷交),나라 간 외교 관계를 끊음.,디귿
단기간(短期間),짧은 기간.,디귿
단념(斷念),품었던 생각을 아주 끊어 버림.,디귿
단단하다,쉽게 모양이 변하게 부서지지 않는 상태에 있다.,디귿
단독(單獨 ),단 한 사람. 혼자.,디귿
단련(鍛鍊),몸과 마음을 굳세게 닦음.,디귿
단속(團束),주의를 기울여 다잡거나 보살핌.,디귿
단순(單純),복잡하지 않고 간단함.,디귿
단어(單語),분리하여 자립적으로 쓸 수 있는 말이나 이에 준하는 말.,디귿
단점(短點),잘못되고 모자라는 점.,디귿
단정하다,옷차림새나 몸가짐 따위가 얌전하고 바르다.,디귿
단지(但只),다만.,디귿
단짝,서로 뜻이 맞거나 매우 친하여 늘 함께 어울리는 사이.,디귿
단체,여러 사람이 모여서 이루어진 집단.,디귿
단추,"옷 따위의 두 폭이나 두 짝을 한데 붙였다 떼었다 하는, 옷고름이나 끈 대신으로 쓰는 물건.",디귿
단풍(丹楓),기후 변화로 식물의 잎이 붉은빛이나 누런빛으로 변하는 현상.,디귿
단합(團合),한데 뭉침.,디귿
닫다,"열린 문짝, 뚜껑, 서랍 따위를 도로 제자리로 가게 하여 막다.",디귿
달¹,지구의 위성.,디귿
달²,한 해를 열둘로 나눈 것의 하나.,디귿
달걀,닭이 낳은 알.,디귿
달다¹,꿀이나 설탕의 맛과 같다.,디귿
달다²,기를 높이 매어 늘어뜨리다.,디귿
달다³,저울로 무게를 헤아리다.,디귿
달러(dollar),미국의 화폐 단위.,디귿
달력,"일 년 중의 달, 날, 요일 등을 날짜에 따라 적어 놓은 것.",디귿
달리다,달음질쳐 빨리 가거나 오다.,디귿
달아나다,위험을 피하여 도망가다.,디귿
달콤하다,감칠맛이 있게 달다.,디귿
달팽이,머리에 두 더듬이를 가지며 나선형 껍질 속에 사는 연체동물.,디귿
닭,"수컷은 벼슬이 크고 털색이 곱고 암컷은 알을 잘 낳는, 집에서 기르는 새.",디귿
닮다,사람 또는 사물의 생김새나 성질 따위가 서로 비슷하다.,디귿
담,"집의 둘레나 일정한 공간을 둘러막기 위하여 흙, 돌, 벽돌 따위로 쌓아 올린 것.",디귿
담당(擔當),어떤 일을 맡음.,디귿
담배,담뱃잎을 말려서 가공한 기호품.,디귿
담요,순수한 털이나 털에 솜을 섞은 것을 굵게 짜든가 두껍게 눌러서 만든 요.,디귿
담임(擔任),어떤 학급이나 학년 따위를 책임지고 맡아봄. 또는 그런 사람.,디귿
담화(談話),한 단체나 공적인 자리에 있는 사람이 어떤 문제에 대한 견해나 태도를 밝히는 말.,디귿
답(答),"‘대답(對答)’, ‘해답’, ‘회답’의 준말.",디귿
답답하다,애가 타고 갑갑하다.,디귿
답변(答辯),물음에 대하여 밝혀 대답함.,디귿
답장(答狀),회답하는 편지.,디귿
당구(撞球),네모난 대 위에 붉은 공과 흰 공을 놓고 채로 쳐서 맞히기를 하여 승부를 가리는 실내 오락.,디귿
당근,약간 단맛이 나는 원뿔 모양의 주황색 뿌리채소.,디귿
당기다,①물건 따위를 힘을 주어 자기 쪽이나 일정한 방향으로 가까이 오게 하다. ②정한 시간이나 기일을 앞으로 옮기거나 줄이다.,디귿
당나귀,말보다 조금 작고 귀가 길며 참을성이 강한 동물. 나귀.,디귿
당뇨병(糖尿病),소변에 당분이 많이 섞여 나오는 병.,디귿
당번(當番),어떤 일을 책임지고 돌보는 차례가 됨. 또는 그런 사람.,디귿
당분간(當分間),??앞으로 얼마 동안.,디귿
당선(當選),선거나 심사에서 뽑힘.,디귿
당신,듣는 이를 가리키는 이인칭 대명사.,디귿
당연하다(當然-),일의 앞뒤 사정을 놓고 볼 때에 마땅히 그러하다. 당연히(當然-).,디귿
당장(當場),일이 일어난 바로 직후의 빠른 시간.,디귿
당직(當直),근무하는 곳에서 숙직이나 일직 따위의 당번이 됨. 또는 그런 사람.,디귿
당황(唐惶),놀라거나 다급하여 어찌할 바를 모름.,디귿
닿다¹,어떤 물체가 다른 물체에 맞붙어 사이에 빈틈이 없게 되다.,디귿
닿다²,어떤 곳에 이르다.,디귿
대,막대가 길고 가늘며 속이 빈 물건을 통틀어 이르는 말.,디귿
대(代),한 집안에서 이어 내려오는 혈통과 계보.,디귿
대개(大槪),대부분.,디귿
대결(對決),양자(兩者)가 맞서서 우열이나 승패를 가림.,디귿
대구(大邱),영남 지방의 중앙부에 있는 광역시.,디귿
대기(待機),기회를 기다림.,디귿
대기권(大氣圈),지구를 둘러싸고 있는 대기의 범위.,디귿
대나무,잎이 가늘고 푸르며 줄기의 속은 비고 마디가 있는 키가 큰 식물.,디귿
대단하다,매우 심하다. 대단히.,디귿
대담(對談),마주 대하고 말함.,디귿
대답(對答),상대가 묻거나 요구하는 것에 대하여 해답이나 제 뜻을 말함.,디귿
대략,대충 어림잡아서.,디귿
대령(大領),"중령의 위, 준장의 아래인 계급. 또는 그 계급에 있는 사람.",디귿
대로,어떤 모양이나 상태와 같이. 그때마다.,디귿
대륙(大陸),넓고 큰 육지.,디귿
대리(代理),남을 대신하여 일을 처리함. 또는 그런 사람.,디귿
ㄹ [리을],한글 자모의 넷째 글자.,리을
라디오(radio),전파로 보내지는 방송을 받아서 들려주는 장치.,리을
라면,국수를 증기로 익히고 기름에 튀겨서 말린 즉석식품.,리을
라이터(lighter),가스나 석유를 이용하여 담뱃불을 붙이는 데 쓰이는 작은 기구.,리을
러닝셔츠(running shirt),운동할 때 입는 소매 없는 셔츠. 또는 그런 모양의 속옷.러닝.,리을
러시아(Russia),유럽 대륙의 동부에서 시베리아에 걸쳐 있는 나라.,리을
러시아워(rush hour),출퇴근이나 통학 따위로 교통이 몹시 혼잡한 시간.,리을
럭비(Rugby),각각 15명의 선수가 길쭉한 공을 상대편 문안에 차 넣거나 찍어 점수를 겨루는 경기.,리을
런던(London),영국 잉글랜드의 템스 강 양쪽 기슭에 위치한 항구 도시.,리을
레바논(Lebanon),아시아 서부 지중해에 면한 공화국.,리을
레슬링¹(wrestling),두 사람이 매트 위에서 서로 상대를 넘어뜨려 먼저 양 어깨와 등을 바닥에 닿게 하여 승부를 겨루는 서양 경기.,리을
레슬링²(wrestling),흥행을 목적으로 하는 레슬링. 프로레슬링.,리을
레이더(radar),목표 물체를 향하여 마이크로파를 발사하고 그 반사파를 받아서 물체의 상태나 위치를 수상관(受像管)에 비춤으로써 목표 물체를 찾아내는 장치.,리을
레코드(record),음성이나 음악 따위를 녹음한 둥글고 납작한 판.,리을
레크리에이션(recreation),피로를 풀고 새로운 힘을 얻기 위하여 함께 모여 놀거나 운동 따위를 즐기는 일.,리을
로또 복권,1～45번까지의 번호 중 6개를 선택하여 공정한 추첨 절차에 의해 선정된 번호와 일치하는 갯수에 따라 당첨금을 받을 수 있는 복권.,리을
로마(Roma),이탈리아 반도의 중서부에 있는 도시.,리을
로스앤젤레스(Los Angeles),캘리포니아 주 남서부에 있는 도시.,리을
로켓(rocket),고온 고압의 가스를 발생·분출시켜 그 반동으로 추진하는 장치.,리을
로프(rope),굵은 밧줄.,리을
루마니아(Romania),유럽 발칸 반도 동북부에 있는 공화국.,리을
룩셈부르크(Luxemburg),유럽 중부에 있는 입헌 군주국.,리을
류씨(柳氏),우리나라 성(姓)의 하나.,리을
리(里),약 393미터의 거리를 나타내는 단위.,리을
리더(leader),조직이나 단체 따위에서 전체를 이끌어 가는 위치에 있는 사람.,리을
리본(ribbon),모자나 선물 등 장식으로 쓰는 끈이나 띠 모양의 물건.,리을
리비아(Libya),아프리카 북부 지중해 연안에 있는 공화국.,리을
리투아니아(Lithuania),유럽 러시아 북서부 발트 해 연안에 있는 공화국.,리을
릴레이(relay),여러 명이 일정한 거리를 바통을 이어받아 달리는 경기.,리을
ㅁ[미음],한글 자모의 다섯째 글자.,미음
마가린(margarine),"우유에 식물이나 동물의 기름과 색소, 냄새, 소금 등을 넣어 만든 인조 버터.",미음
마감,하던 일을 끝냄.,미음
마구,아무렇게나 되는 대로.,미음
마귀(魔鬼),사람을 헤치고 괴롭히는 귀신.,미음
마녀(魔女),마술을 부려 사람에게 해를 끼친다는 여자.,미음
마늘,여러 쪽의 뿌리줄기가 둥글게 뭉쳐 있으며 매운 맛과 독특한 냄새가 있어 주로 양념에 쓰이는 채소.,미음
마다,‘하나도 빠짐없이’의 뜻을 나타내는 보조사.,미음
마당,집의 앞이나 뒤에 평평하게 닦아 놓은 땅.,미음
마디,"말, 글, 노래 따위의 한 도막.",미음
마땅하다,행동이나 대상 따위가 일정한 조건에 어울리게 알맞다.,미음
마라톤(marathon),한 번에 42.195킬로미터를 달리는 경기.,미음
마련,미리 준비하여 갖춤.,미음
마렵다,대소변을 누고 싶은 느낌이 있다.,미음
마루,집채 안에 바닥과 사이를 띄우고 깐 널빤지.,미음
마르다,물기가 다 날아가서 없어지다.,미음
마리아(그 Maria),예수의 어머니.,미음
마무리,일이나 행동의 끝을 맺음.,미음
마비(痲痺),몸의 일부나 전부가 감각이나 기능을 잃어버리는 것. 또는 그 상태.,미음
마술(魔術),"재빠른 손놀림이나 여러 가지 장치, 속임수 따위를 써서 불가사의한 일을 하여 보이는 술법.",미음
마스크(mask),병균이나 먼지 따위를 막기 위하여 입과 코를 가리는 물건.,미음
마시다,물이나 술 따위의 액체를 목구멍으로 넘기다.,미음
마을,여러 집이 모여 사는 곳.,미음
마음,사람이 본래부터 지닌 성격이나 품성.,미음
마음대로,하고 싶은 대로.,미음
마음에 들다,물건이나 사람이 흡족하게 여겨지다.,미음
마이너스(minus),"부족함이나 손실, 적자 따위를 이르는 말.",미음
마이크(mike ),음파를 받아 음성 전류로 바꾸는 장치.,미음
마주,서로 똑바로 향하여.,미음
마주 보다,서로 똑바로 시선을 맞추다.,미음
마주치다,서로 똑바로 부딪치다.,미음
마중,오는 사람을 나가서 맞이함.,미음
마지막,시간상이나 순서상의 맨 끝.,미음
마지못하다,마음이 내키지는 아니하지만 사정에 따라서 그렇게 하지 아니할 수 없다.,미음
마차(馬車),말이 끄는 수레.,미음
마찰(摩擦),두 물체가 서로 닿아서 비벼짐.,미음
마취(痲醉),약물 따위를 이용하여 얼마 동안 의식이나 감각을 잃게 함.,미음
마치,거의 비슷하게.,미음
마치다,"어떤 일이나 과정, 절차 따위가 끝나다. 또는 그렇게 하다.",미음
마침,어떤 경우나 기회에 알맞게 또는 공교롭게.,미음
마침내,드디어. 마지막에는.,미음
마카오(Macao),중국 광둥 성(廣東省) 남부에 있는 도시.,미음
마케도니아(Macedonia),유고슬라비아 연방의 남쪽에 있는 공화국.,미음
막(幕),칸을 막거나 어떤 곳을 가리는 천으로 된 물건.,미음
막걸리,빛깔이 희고 맛이 텁텁하며 알코올 성분이 적은 한국 전통 술의 하나.,미음
막내,"여러 형제, 자매 중에서 맨 나중에 난 사람.",미음
막다,"길, 통로 따위를 통하지 못하게 하다.",미음
막대기,가늘고 기다란 나무나 대나무의 토막.막대.,미음
막연하다(漠然-),뚜렷하지 못하고 희미하다.,미음
만(萬¹),천의 열 배가 되는 수. 또는 그런 수의.,미음
만(萬² ),"1만, 2만, … 이라고 할 때 쓰는 단위.",미음
만나다,누군가 가거나 와서 둘이 서로 마주 보다.,미음
만년(晩年),나이가 들어서 늙은 때.,미음
만년(萬年),언제나 변함없이 한결같은 상태.,미음
만년필(萬年筆),몸통 안에 들어 있는 잉크로 글씨를 쓸 수 있게 만든 필기도구.,미음
만두(饅頭),밀가루 따위를 반죽하여 소를 넣어 빚은 음식.,미음
만들다,물건이나 물체를 힘과 기술을 들여 생기게 하다.,미음
만류(挽留),붙들고 못하게 말림.,미음
만물(萬物),세상에 있는 모든 것.,미음
만발(滿發),꽃이 활짝 다 핌.,미음
만복(萬福),온갖 복.,미음
만사(萬事),여러 가지 온갖 일.,미음
만세(萬歲),"바람이나 경축, 환호 따위를 나타내기 위하여 두 손을 높이 들면서 외치는 소리.",미음
만약(萬若),만일.,미음
만우절(萬愚節),가벼운 거짓말로 서로 속이면서 즐거워하는 날.,미음
만원(滿員),정한 인원이 다 참.,미음
만월(滿月),보름달.,미음
만인(萬人),모든 사람.,미음
만일(萬一),있을지도 모르는 뜻밖의 경우.,미음
만점(滿點),규정한 점수에 꽉 찬 점수.,미음
만조(滿潮),밀물이 가장 높은 해면까지 꽉 차게 들어오는 현상.,미음
만족(滿足),모자람이 없이 충분하고 넉넉함.,미음
만지다,손을 대어 여기저기 주무르거나 쥐다.,미음
만취(滿醉),술에 잔뜩 취함.,미음
만큼,앞말과 비슷한 정도나 한도임을 나타내는 말.,미음
만화(漫畵),이야기 따위를 간결하고 익살스럽게 그린 그림.,미음
많다,"수효나 분량, 정도 따위가 일정한 기준을 넘다.",미음
맏이,맏인 사람.,미음
맏딸,둘 이상의 딸 가운데 맏이가 되는 딸.,미음
맏아들,둘 이상의 아들 가운데 맏이가 되는 아들.,미음
말¹,목과 다리가 길고 사람이 타거나 짐을 운반하는 데 쓰이는 짐승.,미음
말²,사람의 생각이나 느낌 따위를 표현하고 전달하는 데 쓰는 음성 기호.,미음
말고삐,말굴레에 매어서 끄는 줄.,미음
말굽,말의 발톱.,미음
말끔하다,정돈이 잘되고 환하고 깨끗하다.,미음
말다¹,너비가 있고 부드럽거나 잘 휘는 물질을 감아 싸다.,미음
말다²,어떤 일이나 행동을 하지 않거나 그만두다.,미음
말다툼,말로 옳고 그름을 가리는 다툼.,미음
말라리아(malaria),말라리아 원충을 가진 학질모기에게 물려서 감염되는 법정 전염병.,미음
말레이시아(Malaysia),아시아 남동부 말레이 반도와 보르네오 섬 북부를 차지하는 입헌 군주국.,미음
말리다,‘마르다’의 사동사.,미음
말세(末世),"정치, 도덕, 풍속 따위가 아주 쇠퇴하여 망해 가는 세상.",미음
말썽,일을 잘못되게 하거나 성가신 일을 일으키는 말이나 행동.,미음
말을 바꾸다,이미 하던 말을 다른 말로 바꿔 말하다.,미음
말하다,생각이나 느낌 따위를 말로 나타내다.,미음
맑다,잡스럽고 탁한 것이 섞이지 아니하여 환하고 깨끗하다.,미음
맛,음식 따위를 혀에 댈 때에 느끼는 감각.,미음
맛나다,맛이 좋다.,미음
맛보다,음식의 맛을 알기 위하여 먹어 보다.,미음
맛없다,음식의 맛이 나지 아니하거나 좋지 아니하다.,미음
맛있다,음식의 맛이 좋다.,미음
망(網),그물 모양으로 만들어 가려두거나 치거나 하는 물건을 통틀어 이르는 말.,미음
망각(忘却),어떤 사실을 잊어버림.,미음
망령(亡靈),죽은 사람의 영혼.,미음
망보다(望-),멀리서 남의 동정을 살피다.,미음
망설이다,마음이나 태도를 결정하지 못하다.,미음
망신(亡身),"말이나 행동을 잘못하여 자기의 지위, 명예, 체면 따위를 손상함.",미음
망아지,말의 새끼.,미음
망원경(望遠鏡),두 개 이상의 볼록 렌즈를 맞추어서 멀리 있는 물체 따위를 크고 정확하게 보도록 만든 장치.,미음
망치,단단한 물건이나 불에 달군 쇠를 두드리는 데 쓰는 쇠로 만든 연장.,미음
ㅂ[비읍],한글 자모의 여섯째 글자.,비읍
-ㅂ니까,의문을 나타내는 종결 어미.,비읍
바가지,박을 두 쪽으로 쪼개거나 또는 나무나 플라스틱으로 그와 비슷하게 만들어 물을 푸거나 물건을 담는 데 쓰는 그릇.,비읍
바겐세일(bargain sale),기간을 정하여 특별히 정가보다 싸게 파는 일.,비읍
바구니,대나 싸리 따위를 쪼개어 둥글게 결어 속이 깊숙하게 만든 그릇.,비읍
바깥,밖이 되는 곳.,비읍
바꾸다,원래의 내용이나 상태를 다르게 고치다.,비읍
바나나(banana),빛깔이 노랗고 길며 달고 향기로운 열대 과일.,비읍
바늘,"옷 따위를 짓거나 꿰매는 데 쓰는, 가늘고 끝이 뾰족한 쇠로 된 물건.",비읍
바다,지구 위에서 육지를 제외한 부분으로 짠물이 괴어 하나로 이어진 넓고 큰 부분.,비읍
바닥,평평하게 넓이를 이룬 부분.,비읍
바둑,두 사람이 검은 돌과 흰 돌을 나누어 가지고 바둑판 위에 번갈아 하나씩 두어 가며 승부를 겨루는 놀이.,비읍
바라다,생각이나 바람대로 어떤 일이나 상태가 이루어지거나 그렇게 되었으면 하고 생각하다.,비읍
바라보다,어떤 대상을 바로 향하여 보다.,비읍
바람,기압의 변화 또는 사람이나 기계에 의하여 일어나는 공기의 동작.,비읍
바로,비뚤어지거나 굽은 데가 없이 곧게.,비읍
바르다,말이나 행동 따위가 사회적인 규범이나 사리에 어긋나지 아니하고 들어맞다.,비읍
바리캉(프 bariquant ),머리털을 깎아 다듬는 이발기.,비읍
바리케이드(barricade),"흙이나 통, 철망 따위로 길 위에 임시로 쌓은 방어 시설.",비읍
바보,‘어리석고 멍청한 사람’을 얕잡아 이르는 말.,비읍
바쁘다,일이 많거나 또는 서둘러서 해야 할 일로 인하여 딴 겨를이 없다.,비읍
바위,부피가 매우 큰 돌.,비읍
바이올린(violin),가운데가 잘록하게 들어간 타원형이며 네 줄의 현을 활로 문지르며 연주하는 현악기.,비읍
바지,아랫도리에 입는 옷의 하나.,비읍
바치다,신이나 웃어른에게 정중하게 드리다.,비읍
바캉스(프 vacance),주로 피서나 휴양을 위한 휴가.,비읍
바퀴,돌리거나 굴리려고 테 모양으로 둥글게 만든 물건.,비읍
바탕,사물이나 현상의 근본을 이루는 기초.,비읍
바티칸시(Vatican City),바티칸 시국.,비읍
박물관(博物館),"고고학적 자료, 역사적 유물, 예술품, 그 밖의 학술 자료를 수집·보존·진열하고 일반에게 전시하여 학술 연구와 사회 교육에 기여할 목적으로 만든 시설.",비읍
박사(博士),대학에서 수여하는 가장 높은 학위. 또는 그 학위를 딴 사람.,비읍
박수(拍手),"기쁨, 찬성, 환영을 나타내거나 장단을 맞추려고 두 손뼉을 마주 침.",비읍
박씨(朴氏),우리나라 성(姓)의 하나.,비읍
박쥐,동굴이나 수풀 속에 살면서 주로 밤에 날아다니는 쥐와 비슷하게 생긴 짐승.,비읍
밖,어떤 선이나 금을 넘어선 쪽.,비읍
밖에,"‘그것 말고는’, ‘그것 이 외에는’의 뜻을 나타내는 말.",비읍
반(半),둘로 똑같이 나눈 것의 한 부분.,비읍
반(班),학년을 학급으로 나눈 단위.,비읍
반갑다,그리워하던 사람을 만나거나 원하는 일이 이루어져서 마음이 즐겁고 기쁘다.,비읍
반달,반원형의 달.,비읍
반대(反對¹),"어떤 행동이나 견해, 제안 따위에 따르지 아니하고 맞서 거스름.",비읍
반대(反對²),사물의 위치·방향·순서 따위가 거꾸로 임. 또는 그러한 상태.,비읍
반드시,틀림없이 꼭.,비읍
반란(反亂),정부나 지도자 따위에 반대하여 내란을 일으킴.,비읍
반문(反問),물음에 대답하지 아니하고 되받아 물음.,비읍
반복(反復),같은 일을 되풀이함.,비읍
반사(反射),일정한 방향으로 나아가던 파동이 다른 물체의 표면에 부딪혀서 나아가던 방향을 반대로 바꾸는 현상.,비읍
반성(反省),자신의 언행에 대하여 잘못이나 부족함이 없는지 돌이켜 봄.,비읍
반장(班長),어떤 일을 함께 하는 소규모 조직체인 반(班)을 대표하여 일을 맡아보는 사람.,비읍
반지(斑指),한 짝으로만 끼게 된 가락지.,비읍
반짝,작은 빛이 잠깐 나타났다가 사라지는 모양.,비읍
반찬(飯饌),밥에 곁들여 먹는 음식을 통틀어 이르는 말.,비읍
반창고(絆瘡膏),"연고나 붕대 따위를 피부에 붙이기 위하여, 점착성 물질을 발라서 만든 헝겊이나 테이프 따위.",비읍
반항(反抗),다른 사람이나 대상에 맞서 대들거나 반대함.,비읍
받다,다른 사람이 주거나 보내오는 물건 따위를 가지다.,비읍
받들다,공경하여 모시다.,비읍
받치다,어떤 물건의 밑에 다른 물체를 대다.,비읍
받침,물건의 밑바닥을 받치는 물건.,비읍
발,사람이나 동물의 다리 맨 끝 부분.,비읍
발각(發覺),숨기던 것이 드러남.,비읍
발견(發見),"미처 찾아내지 못하였거나 아직 알려지지 아니한 사물이나 현상, 사실 따위를 찾아냄.",비읍
발달(發達),"신체, 정서, 지능 따위가 성장하거나 성숙함.",비읍
발레(프 ballet),연극의 대사 대신에 춤에 의하여 진행되는 무용극 예술.,비읍
발명(發明),아직까지 없던 기술이나 물건을 새로 생각하여 만들어 냄.,비읍
발버둥질,발버둥이 치는 것. ?? 버둥질,비읍
발생(發生),어떤 일이나 사물이 생겨남.,비읍
발송(發送),"물건, 편지, 서류 따위를 우편이나 운송 수단을 이용하여 보냄.",비읍
발언(發言),말을 꺼내어 의견을 나타냄.,비읍
발육(發育),생물의 몸의 각 기관들이 자라남.,비읍
발음(發音),음성을 냄.,비읍
발자국,발로 밟은 자리에 남은 모양.,비읍
발전(發展),더 낫고 좋은 상태나 더 높은 단계로 나아감.,비읍
발전(發電),전기를 일으킴.,비읍
발톱,"발가락의 끝을 덮어 보호하고 있는, 단단한 부분.",비읍
발표(發表),어떤 사실이나 결과 따위를 세상에 널리 드러내어 알림.,비읍
발휘(發揮),"재능, 능력 따위를 떨치어 나타냄.",비읍
밝다,불빛 따위가 환하다.,비읍
밟다,발로 디디거나 누르다.,비읍
밤¹,갈색의 가시가 난 껍질에 싸인 식용으로 쓰이는 밤나무 열매.,비읍
밤²,해가 져서 어두워진 때부터 다음 날 해가 떠서 밝아지기 전까지의 동안.,비읍
밤새,밤이 지나가는 동안. 밤사이.,비읍
밤새우다,잠을 자지 않고 밤을 보내다. 밤새다.,비읍
밤색,여문 밤의 겉껍질 빛깔과 같이 검은색을 띤 갈색.,비읍
밤중,밤이 깊은 때.,비읍
밥,"쌀, 보리 따위의 곡식을 씻어서 솥 따위의 용기에 넣고 물을 알맞게 부어, 낟알이 풀어지지 않고 물기가 잦아들게 끓여 익힌 음식.",비읍
밥상,음식을 차리는 데 쓰는 상. 또는 음식을 갖추어 차린 상.,비읍
방,사람이 살거나 일을 하기 위하여 벽 따위로 막아 만든 칸.,비읍
방귀,음식물이 배 속에서 발효되는 과정에서 생기어 항문으로 나오는 구린내 나는 무색의 기체.,비읍
방글라데시(Bangladesh),인도 북동부에 있는 인민 공화국.,비읍
방금(方今),?? 말하고 있는 시점보다 바로 조금 전에.,비읍
방랑(放浪),정한 곳 없이 이리저리 떠돌아다님.,비읍
방문(訪問),어떤 사람이나 장소를 찾아가서 만나거나 봄.,비읍
방방곡곡(坊坊曲曲),한 군데도 빠짐이 없는 모든 곳.,비읍
방법(方法),어떤 일을 해 나가거나 목적을 이루기 위하여 취하는 수단이나 방식.,비읍
방사선(放射線),방사성 원소의 붕괴에 따라 물체에서 방출되는 전자기파.,비읍
방송(放送),라디오나 텔레비전을 통하여 널리 듣고 볼 수 있도록 음성이나 영상을 전파로 내보내는 일.,비읍
방송국(放送局),일정한 시설을 갖추고 라디오나 텔레비전을 통하여 여러 가지 방송을 내보내는 기관.,비읍
방식(方式),일정한 방법이나 형식.,비읍
방심(放心),마음을 다잡지 아니하고 풀어 놓아 버림.,비읍
방앗간,방아로 곡식을 찧거나 빻는 곳.,비읍
방어(防禦),상대편의 공격을 막음.,비읍
방울,얇은 쇠붙이를 속이 비도록 동그랗게 만들어 그 속에 단단한 물건을 넣어서 흔들면 소리가 나는 물건.,비읍
방음(防音),안의 소리가 밖으로 새어 나가거나 밖의 소리가 안으로 들어오지 못하도록 막음.,비읍
방지(防止),어떤 일이나 현상이 일어나지 못하게 막음.,비읍
방침(方針),앞으로 일을 치러 나갈 방향과 계획.,비읍
방패(防牌),"전쟁 때 적의 칼, 창, 화살 따위를 막는 데 쓰던 무기.",비읍
방학(放學),"학교에서 학기나 학년이 끝난 뒤 또는 더위, 추위가 심한 일정 기간 동안 수업을 쉬는 일.",비읍
방해(妨害),남의 일에 훼방을 하고 해를 끼침.,비읍
방향(方向),어떤 방위(方位)를 향한 쪽.,비읍
방황(彷徨),이리저리 헤매어 돌아다님.,비읍
ㅅ[시옷],한글 자모의 일곱째 글자.,시옷
사(四),넷.,시옷
사각(四角),네 개의 각.,시옷
사각형(四角形),네 개의 선분으로 둘러싸인 평면 도형.,시옷
사감(舍監),기숙사에서 기숙생들의 생활을 지도하고 감독하는 사람.,시옷
사건(事件),사회적으로 문제를 일으키거나 주목을 받을 만한 뜻밖의 일.,시옷
사격(射擊),"총, 대포, 활 따위를 쏨.",시옷
사고(思考),생각하고 궁리함.,시옷
사고(事故),뜻밖에 일어난 불행한 일.,시옷
사공(沙工),직업으로 배를 젓는 사람.,시옷
사과(沙果),가을에 많이 열리며 모양이 둥글고 향기와 단맛이 나는 과일.,시옷
사과(謝過),자기의 잘못을 인정하고 용서를 빎.,시옷
사관생도(士官生徒),장교가 되기 위하여 각 군 사관학교에서 교육을 받고 있는 생도.,시옷
사교(社交),여러 사람이 모여 서로 사귐.,시옷
사귀다,서로 얼굴을 익히고 친하게 지내다.,시옷
사기(詐欺),나쁜 꾀로 남을 속임.,시옷
사나이,사내.,시옷
사납다,성질이나 행동이 모질고 억세다.,시옷
사냥,총이나 활 또는 길들인 매나 올가미 따위로 산이나 들의 짐승을 잡는 일.,시옷
사다,값을 치르고 어떤 물건이나 권리를 자기 것으로 만들다.,시옷
사닥다리,사다리.,시옷
사당(祠堂),신주를 모셔놓은 집.,시옷
사라지다,현상이나 물체의 자취 따위가 없어지다.,시옷
사람,"생각을 하고 언어를 사용하며, 도구를 만들어 쓰고 사회를 이루어 사는 동물.",시옷
사랑,이성의 상대에게 끌려 열렬히 좋아하는 마음.,시옷
사례(謝禮),언행이나 선물 따위로 상대에게 고마운 뜻을 나타냄.,시옷
사로잡다¹,산 채로 잡다.,시옷
사로잡다²,매혹하여 홀리게 만들다.,시옷
사로잡히다,매혹되어 홀리게 되다.,시옷
사료(飼料),가축에게 주는 먹을거리.,시옷
사립(私立),개인이 자신의 자금으로 공익의 사업 기관을 설립하여 유지함.,시옷
사막(沙漠),"강수량이 적어서 식생이 보이지 않거나 적고, 인간의 활동도 제약되는 지역.",시옷
사망(死亡),사람이 죽음.,시옷
사면(赦免),죄를 용서하여 형벌을 면제함.,시옷
사명(使命),맡겨진 임무.,시옷
사모(思慕),애틋하게 생각하고 그리워함.,시옷
사무(事務),자신이 맡은 직책에 관련된 여러 가지 일을 처리하는 일.,시옷
사무실(事務室),사무를 보는 방.,시옷
사무원(事務員),사무직원.,시옷
사물(事物),물질세계에 있는 모든 구체적이며 개별적인 존재를 통틀어 이르는 말.,시옷
사별(死別),죽어서 이별함.,시옷
사병(士兵),장교가 아닌 하사관과 병사를 통틀어 이르는 말.,시옷
사상(思想),어떠한 사물에 대하여 가지고 있는 구체적인 사고나 생각.,시옷
사소하다(些少-),보잘것없이 작거나 적다.,시옷
사스,동남아에서 발생한 중증급 호흡기 증후군.,시옷
사슬,고리를 여러 개 이어 만든 쇠줄. 쇠사슬.,시옷
사슴,네 다리가 길고 뿔이 있으며 한약 재료로 쓰이는 짐승.,시옷
사실(事實),실제로 있었던 일이나 현재에 있는 일.,시옷
사십(四十),십의 네 배가 되는 수. 마흔.,시옷
사양(辭讓),겸손하여 받지 아니하거나 응하지 아니함.,시옷
사업(事業),어떤 일을 일정한 목적과 계획을 가지고 짜임새 있게 지속적으로 경영함.,시옷
사용(使用),일정한 목적이나 기능에 맞게 씀.,시옷
사우나(sauna),핀란드의 증기 목욕.,시옷
사우디아라비아(Saudi Arabia),아시아 서부 아라비아 반도의 대부분을 차지하는 왕국.,시옷
사월(四月),한 해 가운데 넷째 달.,시옷
사위,딸의 남편.,시옷
사유(事由),일의 까닭.,시옷
사유(私有),개인이 사사로이 소유함.,시옷
사육사(飼育師),짐승을 먹여 기르는 사람.,시옷
사은(師恩),스승의 은혜.,시옷
사이,한 때로부터 다른 때까지의 동안.,시옷
사이다(cider),청량음료의 하나.,시옷
사인(sign),자기만의 독특한 방법으로 자신의 이름을 적음.,시옷
사임(辭任),맡아보던 일자리를 스스로 그만두고 물러남.,시옷
사자(獅子),수컷은 머리에 긴 갈기가 있으며 몸집이 크고 맹수로 불리우는 동물.,시옷
사장(社長),회사의 대표자.,시옷
사전(事前),일이 일어나기 전.,시옷
사전(辭典),어떤 범위 안에서 쓰이는 낱말을 일정한 순서로 배열하여 해설한 책.,시옷
사절(謝絶),요구나 제의를 받아들이지 않고 사양하여 물리침.,시옷
사정(事情),어떤 일의 형편이나 까닭을 남에게 말하고 무엇을 간청함.,시옷
사정(査正),조사하여 그릇된 것을 바로 잡음.,시옷
사정(射精),남자의 생식기에서 정액을 반사적으로 내쏘는 일.,시옷
사제(司祭),주교와 신부를 통틀어 이르는 말.,시옷
사제(師弟),스승과 제자를 아울러 이르는 말.,시옷
사죄(謝罪),지은 죄나 잘못에 대하여 용서를 빎.,시옷
사직(辭職),맡은 직무를 내놓고 물러남.,시옷
사진(寫眞),물체의 형상을 감광막 위에 나타나도록 찍어 오랫동안 보존할 수 있게 만든 영상.,시옷
사찰(寺刹),절.,시옷
사철,봄·여름·가을·겨울의 네 철.,시옷
사촌(四寸),아버지의 친형제자매의 아들이나 딸과의 촌수.,시옷
사춘기(思春期),육체적·정신적으로 성인이 되는 시기.,시옷
사탄(Satan),"적대자라는 뜻으로, 하나님과 대립하여 존재하는 악",시옷
사탕(砂糖),설탕을 끓여서 여러 가지 모양으로 만든 과자.,시옷
사표(辭表),직책에서 사임하겠다는 뜻을 적어 내는 문서.,시옷
사형(死刑),수형자의 목숨을 끊음.,시옷
사회(司會),회의나 예식 따위를 진행함.,시옷
사회(社會),공동생활을 영위하는 모든 형태의 인간 집단.,시옷
사후(事後),일이 끝난 뒤.,시옷
삭발(削髮),머리털을 깎음.,시옷
삭제(削除),지워버림.,시옷
산(山),평지보다 높이 솟아 있는 땅의 부분.,시옷
산골,산골짜기.,시옷
산꼭대기,산의 맨 위.,시옷
산뜻하다,깨끗하고 시원하다.,시옷
산림(山林),"산과 숲, 또는 산에 있는 숲.",시옷
산맥(山脈),산봉우리가 선상,시옷
산봉우리(山-),산의 가장 높이 솟은 부분. 봉우리.,시옷
산부인과(産婦人科),"임신, 해산, 신생아, 부인병 따위를 다루는 의술의 한 분과.",시옷
산산조각(散散-),아주 잘게 깨어진 여러 조각.,시옷
산삼(山蔘),깊은 산속에 야생하는 삼.,시옷
산소(山所),‘무덤’을 높여 이르는 말.,시옷
산악(山岳),높고 험준하게 솟은 산들.,시옷
산업(産業),인간의 생활을 경제적으로 풍요롭게 하기 위하여 재화나 서비스를 창출하는 생산적 기업이나 조직.,시옷
산업자원부(産業資源部),"상업, 공업 및 에너지 따위에 관한 사무를 맡아보는 중앙 행정 기관의 하나.",시옷
산책(散策),휴식을 취하거나 건강을 위해서 천천히 걷는 일.,시옷
산타클로스(Santa Claus),크리스마스 전날 밤 어린이의 양말에 선물을 넣고 간다는 노인.,시옷
살,사람이나 동물의 뼈를 싸서 몸을 이루는 부드러운 부분.,시옷
살다,생명을 지니고 있다.,시옷
살림,살아가는 형편이나 정도.,시옷
살인(殺人),사람을 죽임.,시옷
ㅇ[이응],한글 자모의 여덟째 글자.,이응
아궁이,방이나 솥 따위에 불을 때기 위하여 만든 구멍.,이응
아기,젖먹이 아이를 귀엽게 이르는 말.,이응
아까,조금 전. 또는 조금 전에.,이응
아깝다,① 소중하고 값진 것을 잃어 섭섭한 느낌이 있다. ② 소중하여 버리거나 내놓기가 싫다. ③ 소중하여 함부로 쓰기가 어렵다.,이응
아끼다,"물건이나 돈, 시간 따위를 함부로 쓰지 아니하다.",이응
아나운서(announcer),"뉴스 보도, 사회, 실황 중계의 방송을 맡아 하는 사람.",이응
아내,혼인하여 남자의 짝이 된 여자.,이응
아니꼽다,하는 말이나 행동이 눈에 거슬려 불쾌하다.,이응
아니다,어떤 사실을 부정하는 뜻을 나타내는 말.,이응
아니하다,연결어미 ‘-지’ 아래에 쓰이어 부정의 뜻을 나타냄.  않다.,이응
아담(Adam),"성경에 나오는, 하나님이 빚은 최초의 인간.",이응
아동(兒童),신체적·지적으로 미숙한 단계에 있는 사람.,이응
아득하다,매우 멀다.,이응
아들,남자로 태어난 자식.,이응
아래,어떤 기준보다 낮은 위치.,이응
아르메니아(Armenia),소아시아와 카스피 해 사이에 있는 공화국.,이응
아르헨티나(Argentina),"남아메리카 남부, 대서양 연안에 있는 공화국.",이응
아름답다,에쁘고 곱다.,이응
아마,단정할 수는 없지만 미루어 짐작하거나 생각하여 볼 때 그럴 가능성이 크다는 뜻을 나타내는 말.,이응
아마레슬링(amateur wrestling),두 사람의 경기자가 매트 위에서 맨손으로 맞붙어 상대편의 두 어깨를 1초 동안 바닥에 닿게 함으로써 승부를 겨루는 경기.,이응
아마추어(amateur),"예술이나 스포츠, 기술 따위를 취미로 삼아 즐겨 하는 사람. 비전문가.",이응
아메리카(America),"육대주의 하나로, 서반구를 포괄하는 대륙.",이응
아멘(히 amen),기도나 찬송 또는 설교 끝에 그 내용에 동의하거나 그것이 이루어지기를 바란다는 뜻으로 하는 말.,이응
아무,어떤 사람을 특별히 정하지 않고 이르는 인칭 대명사.,이응
아무리,비록 그렇다 하더라도.,이응
아무쪼록,될 수 있는 대로.,이응
아물다,부스럼이나 상처가 다 나아 살갗이 맞붙다.,이응
아버지,어머니의 남편.,이응
아부(阿附),남의 비위를 맞추어 알랑거림.,이응
아브라함(Abraham),성경 창세기에 나오는 이스라엘 민족의 시조.,이응
아시아(Asia),육대주의 하나로 동반구의 북부를 차지하는 대륙.,이응
아웃(out),"야구에서, 타자나 주자가 공격할 자격을 잃는 일.",이응
아이,나이가 어린 사람.,이응
아이고,"아플 때, 힘들 때, 놀랄 때, 원통할 때, 기막힐 때 등에 나오는 소리.",이응
아이디어(idea),어떤 일에 대한 착상이나 발상.,이응
아이스크림(ice-cream),"우유, 달걀, 향료, 설탕 따위를 넣어 크림 상태로 얼린 과자.",이응
아이슬란드(Iceland),북대서양의 유럽과 그린란드의 가운데 있는 공화국.,이응
아일랜드(Ireland),아일랜드 섬 북동부를 제외한 지역을 차지하는 공화국.,이응
아저씨,부모와 같은 항렬의 남자 또는 남남인 남자 어른을 예사롭게 이르는 말.,이응
아주,보통 정도보다 훨씬 더 넘어서 대단히.,이응
아주머니,부모와 같은 항렬의 여자 또는 남남인 여자 어른을 예사롭게 이르는 말.,이응
아지랑이,봄날 햇빛이 강하게 쬘 때 공기가 공중에서 아른아른 움직이는 현상.,이응
아직,"시간이 더 지나야 함을 나타내거나, 어떤 일이나 상태가 지속되고 있음을 나타내는 말.",이응
아찔하다,갑자기 정신이 아득하고 조금 어지럽다.,이응
아차,무엇이 잘못된 것을 갑자기 깨달았을 때 하는 말.,이응
아첨(阿諂),남의 환심을 사거나 잘 보이려고 알랑거림.,이응
아침,날이 새면서 오전 반나절쯤까지의 동안.,이응
아카시아(acacia),가지에 날카로운 가시가 있고 봄에 흰 꽃을 피우는 큰키나무.,이응
아파트(apartment),5층 이상의 한 채의 건물 안에 여러 세대가 살게 된 건물.,이응
아편(阿片),덜 익은 양귀비 열매에 상처를 내어 흘러나온 진,이응
아프다,"몸이 병이 나거나 들어, 앓는 상태에 있다.",이응
아프리카(Africa),아시아 대륙에 이어 세계에서 두 번째로 큰 대륙.,이응
악(惡),착하지 않음. 올바르지 않음.,이응
악기(樂器),음악을 연주하는 데 쓰는 기구를 통틀어 이르는 말.,이응
악대(樂隊),기악,이응
악독(惡毒),마음이 흉악하고 독살스러움.,이응
악마(惡魔),종교나 민속 신앙에서 인간에게 재앙과 해를 끼치는 악한 귀신.,이응
악몽(惡夢),불길하고 무서운 꿈.,이응
악보(樂譜),음악의 곡조를 일정한 기호를 써서 기록한 것.,이응
악수(握手),친밀함이나 감사의 뜻을 나타내기 위해 서로 손을 내밀어 마주 잡음.,이응
악어(鰐魚),도마뱀과 비슷하나 몸집이 아주 크며 주둥이가 넓고 이빨이 날카로운 동물.,이응
악하다,도덕에 어긋나며 나쁘다.,이응
안,어떤 물체나 공간의 둘러싸인 가에서 가운데로 향한 쪽.,이응
안간힘,어떤 일을 이루기 위해서 몹시 애쓰는 힘.,이응
안개,지표면 가까이에 아주 작은 물방울이 부옇게 떠 있는 현상.,이응
안경(眼鏡),"시력이 나쁜 눈을 잘 보이게 하거나 바람, 먼지, 강한 햇빛 따위를 막기 위하여 눈에 쓰는 기구.",이응
안내(案內¹),어떤 장소에 데려다 줌.,이응
안내(案內²),데리고 다니면서 그 곳의 사정을 알려 줌.,이응
안녕(安寧),헤어질 때의 인사말.,이응
안녕하십니까,,이응
안다,두 팔을 벌려 가슴 쪽으로 끌어당기거나 그렇게 하여 품안에 있게 하다.,이응
안되다,"일, 현상, 물건 따위가 좋게 이루어지지 않다. 아니 되다.",이응
안마(按摩),손으로 몸을 두드리거나 주물러서 피의 순환을 도와주는 일.,이응
안방,집주인이 거처하는 방.,이응
안색(顔色),얼굴빛.,이응
안수(按手),"기도를 할 때 또는 성직 수여식이나 기타 교회의 예식에서, 주례자가 신자의 머리 위에 손을 얹는 일.",이응
안식(安息),몸과 마음이 편히 쉼.,이응
안식처(安息處),편히 쉬는 곳.,이응
안심(安心),모든 걱정을 떨쳐 버리고 마음을 편히 가짐.,이응
안전(安全),위험이 생기거나 사고가 날 염려가 없음.,이응
안정(安靜),육체적 또는 정신적으로 편안하고 고요함.,이응
안주(按酒),술을 마실 때 곁들여 먹는 음식.,이응
안타깝다,뜻대로 되지 아니하거나 보기에 딱하여 애타고 답답하다.,이응
안테나(antenna),공중에 세워서 다른 곳에 전파를 내보내거나 다른 곳의 전파를 받아들이는 장치.,이응
안팎,사물이나 영역의 안과 밖.,이응
앉다,엉덩이를 바닥에 붙이고 몸을 편하게 세우다.,이응
알,"조류, 파충류, 어류, 곤충 따위의 암컷이 배고 낳는, 새끼가 될 작고 둥근 것.",이응
알다,?? 사물이나 상황에 대한 정보나 지식을 갖추다.,이응
알리다,다른 사람에게 어떤 것을 소개하여 알게 하다.,이응
알맞다,"일정한 기준, 조건, 정도 따위에 넘치거나 모자라지 아니하다.",이응
알바니아(Albania),발칸 반도 남서부에 있는 공화국.,이응
알선(斡旋),남의 일이 잘되도록 주선하는 일.,이응
알아맞히다,요구되거나 기대되는 답을 알아서 맞게 하다.,이응
알제리(Algerie),아프리카 대륙 북서부에 있는 공화국.,이응
앓다,병에 걸려 고통을 겪다.,이응
암(癌),생체 조직 안에서 세포가 무제한으로 증식하여 악성 종양을 일으키는 병.,이응
암기(暗記),외워 잊지 아니함.,이응
암산(暗算),쓰거나 계산기를 사용하지 않고 머릿속으로 계산함.,이응
암살(暗殺),몰래 사람을 죽임.,이응
암수,암컷과 수컷.,이응
암탉,닭의 암컷.,이응
암흑(暗黑),어둡고 캄캄함.,이응
압력¹(壓力),어떤 물체가 다른 물체를 누르는 힘.,이응
압력²(壓力),사람에게 압박을 가하는 힘.,이응
압류(押留),국가 권력으로 특정의 유체물,이응
압박(壓迫),강한 힘으로 내리 누름.,이응
압수(押收),증거물이나 몰수할 물건 등을 점유 확보함. 또는 그 행위.,이응
압정(押釘),대가리가 크고 촉이 짧아서 흔히 손가락으로 눌러 박는 쇠못.,이응
앞,향하고 있는 쪽이나 곳.,이응
ㅈ[지읒],한글 자모의 아홉째,지읒
자,길이를 재는 데 쓰는 도구.,지읒
자각(自覺),자기의 입장이나 능력 따위를 스스로 깨달음.,지읒
자갈,강이나 바다의 바닥에서 오랫동안 갈리고 물에 씻겨 반질반질하게 된 잔돌.,지읒
자개,가구를 장식하는 데 쓰기 위해 전복 따위의 껍데기를 자른 조각.,지읒
자격(資格),일정한 신분이나 지위를 가지거나 일정한 일을 하는 데 필요한 조건이나 능력.,지읒
자국,다른 물건이 닿거나 묻어서 생긴 자리.,지읒
자궁(子宮),"여성 생식기의 일부로, 수정란이 붙어서 태아로 자라는 기관.",지읒
자금(資金),특정한 목적에 쓰는 돈.,지읒
자기(自己),그 사람 자신.,지읒
자꾸,여러 번 반복하거나 끊임없이 계속하여.,지읒
자녀(子女),아들과 딸을 통틀어 이르는 말.,지읒
자다,몸과 정신이 활동을 멈추고 한동안 쉬는 상태가 되다.,지읒
자동(自動),기계나 설비 따위가 자체 내에 있는 일정한 장치의 작용에 의하여 스스로 작동함.,지읒
자동차(自動車),"자가용, 버스, 트럭 따위의 석유나 가스를 원료로 엔진의 힘에 의해 도로 위를 달리게 만든 차.",지읒
자라다,생물이 생장하거나 성숙하여지다.,지읒
자랑,제 물건이나 제 일을 드러내어 칭찬함.,지읒
자료(資料),연구나 조사 따위의 바탕이 되는 재료.,지읒
자루,속에 물건을 넣을 수 있게 헝겊 따위로 길고 크게 만든 주머니.,지읒
자르다,동강을 내거나 끊어 내다.,지읒
자리,사람이 앉을 수 잇도록 만들어 놓은 설비나 지정한 곳.,지읒
자립(自立),남에게 예속되거나 의지하지 아니하고 스스로 섬.,지읒
자막(字幕),"영화나 텔레비전 따위에서, 관객이나 시청자가 읽을 수 있도록 화면에 비추는 글자.",지읒
자매(姉妹),여자끼리의 동기,지읒
자메이카(Jamaica),"카리브 해 북부에 있는, 영국 연방의 독립국.",지읒
자물쇠,여닫게 되어 있는 물건을 잠그는 장치.,지읒
자발적(自發的),남이 시키거나 요청하지 아니하였는데도 자기 스스로 나아가 행하는. 또는 그런 것.,지읒
자백(自白),스스로 자기의 죄나 허물을 털어 놓는 것.,지읒
자본(資本),장사나 사업 따위의 기본이 되는 돈.,지읒
자부(子婦),며느리.,지읒
자부(自負),자신의 능력이나 가치에 대해 스스로 당당히 여김.,지읒
자비(慈悲),중생에게 즐거움을 주고 괴로움을 없게 함.,지읒
자산(資産),개인이나 법인이 소유하고 있는 경제적 가치가 있는 유형·무형의 재산.,지읒
자살(自殺),스스로 자기의 목숨을 끊음.,지읒
자석(磁石),철을 끌어당기는 힘을 가진 물체.,지읒
자선(慈善),남을 불쌍히 여겨 도와줌.,지읒
자세(姿勢),몸을 움직이거나 가누는 모양.,지읒
자세하다(仔細-),사소한 부분까지 아주 구체적이고 분명하다. 자세히,지읒
자손(子孫),자식과 손자를 아울러 이르는 말.,지읒
자수(自首),"범인이 스스로 수사 기관에 범죄 사실을 신고하고, 그 처분을 구하는 일.",지읒
자수(刺繡),옷감이나 헝겊 따위에 수를 놓음. 또는 그 수.,지읒
자습(自習),혼자의 힘으로 배워서 익힘.,지읒
자신(自身),자기 또는 자기의 몸.,지읒
자신(自信),어떤 일을 해낼 수 있다거나 어떤 일이 꼭 그렇게 되리라는 데 대하여 스스로 굳게 믿음.,지읒
자연(自然),사람의 힘이 더해지지 않은 모든 존재나 상태.,지읒
자웅(雌雄),암수.,지읒
자원(資源),"인간 생활 및 경제 생산에 이용되는 물질, 노동력, 기술 따위를 통틀어 이르는 말.",지읒
자원봉사(自願奉仕),자진해서 국가나 사회 또는 남을 위해 헌신적으로 일함.,지읒
자위(自衛),몸이나 나라를 스스로 막아 지킴.,지읒
자유(自由),외부적인 구속이나 무엇에 얽매이지 아니하고 자기 마음대로 행동함.,지읒
자인(自認),스스로 인정함.,지읒
자장면,고기와 채소를 넣어 볶은 중국 된장에 비빈 국수.,지읒
자전거(自轉車),사람이 타고 앉아 두 다리의 힘으로 바퀴를 돌려서 가게 된 탈것.,지읒
자정(子正),밤 열두 시.,지읒
자제(自制),자기의 감정이나 욕망을 스스로 억제함.,지읒
자조(自助),자기의 발전을 위하여 스스로 애씀.,지읒
자존심(自尊心),남에게 굽히지 아니하고 자신의 품위를 스스로 지키는 마음.,지읒
자주,같은 일을 잇따라 잦게.,지읒
자주독립(自主獨立),국가 따위가 다른 나라의 간섭을 받거나 다른 나라에 의존하지 아니하고 자주권을 행사하는 일.,지읒
자지,몸 밖으로 드러난 남자의 생식 기관을 비속하게 이르는 말.,지읒
자진(自進),남이 시키는 것을 기다리지 아니하고 스스로 나섬.,지읒
자질(資質),어떤 분야의 일에 대한 능력이나 실력의 정도.,지읒
자체(自體),사람이나 사물의 본체.,지읒
자취(自炊),손수 밥을 지어 먹으면서 생활함.,지읒
자치(自治),한 집단이 자체의 일을 스스로 결정하고 처리함.,지읒
자칫,‘조금 어긋남’을 나타낼 때 쓰는 말.,지읒
자퇴(自退),스스로 물러남.,지읒
자포자기(自暴自棄),절망에 빠져 자신을 스스로 포기하고 돌아보지 아니함.,지읒
작가(作家),"문학 작품, 사진, 그림, 조각 따위의 예술품을 창작하는 사람.",지읒
작년(昨年),이해의 바로 앞의 해.,지읒
작다,① 부피·길이·넓이·키 따위가 보통정도에 못 미치다.,지읒
작대기,긴 막대기.,지읒
작문(作文),글을 지음.,지읒
작물(作物),논이나 밭에서 심어 가꾸는 채소.,지읒
작별(作別),서로 헤어짐.,지읒
작성(作成),"서류, 원고, 계획 따위를 만듦.",지읒
작업(作業),일정한 목적을 가지고 하는 노동이나 일.,지읒
작은아버지,아버지의 결혼한 남동생.,지읒
작은어머니,아버지 동생의 아내.,지읒
작전(作戰),어떤 일을 이루기 위하여 필요한 조치나 방법을 강구함.,지읒
작품(作品),"그림, 조각, 소설, 시 등 예술이나 창작 활동으로 만든 것.",지읒
잔(盞),술이나 차 따위의 음료를 따라 마시는 데 쓰는 작은 그릇.,지읒
잔디,"정원이나 골프장 따위에 심는, 잎이 짧고 촘촘하게 자라는 풀.",지읒
잔뜩,어떤 공간에 꽉 차게.,지읒
잔소리,쓸데없이 자질구레한 말을 늘어놓음.,지읒
잔악(殘惡),잔인하고 악함.,지읒
잔인(殘忍),인정이 없고 아주 모짊.,지읒
잔잔하다,바람이나 물결 따위가 가라앉아 잠잠하다.,지읒
잔치,기쁜 일이 있을 때에 음식을 차려 놓고 여러 사람이 모여 즐기는 일.,지읒
잘,옳고 바르게. 훌륭하게. 익숙하고 능란하게. 탈 없이. 편하게. 만족하게. 예쁘고 아름답게. 알맞게. 적절하게. 쉽게. 걸핏하면. 분명하게.,지읒
잘못,일을 그릇되게 함.,지읒
잘하다,좋고 훌륭하게 하다.,지읒
잠,"눈을 감고 쉬는, 의식이 없는 상태.",지읒
잠그다,여닫는 물건을 열지 못하도록 자물쇠를 채우거나 빗장을 걸거나 하다.,지읒
잠기다,수면의 아래로 가라앉다.,지읒
잠깐,얼마 되지 않는 매우 짧은 동안. 또는 그 동안에.,지읒
잠꾸러기,잠이 아주 많은 사람을 낮잡아 이르는 말.,지읒
잠바(jumper),웃옷 위에 덧입는 활동하기 편한 겉옷.,지읒
잠복(潛伏),드러나지 않게 숨음.,지읒
잠비아(Zambia),아프리카 중남부에 있는 공화국.,지읒
잠수(潛水),물속으로 잠겨 들어감.,지읒
잠수함(潛水艦),물속을 다니면서 전투를 수행하는 함정.,지읒
잠시(暫時),짧은 시간. 또는 짧은 시간에.,지읒
잠옷,잠잘 때 입는 옷.,지읒
잠자리,가로로 펴 있는 두 쌍의 날개와 가늘고 긴 몸을 가진 곤충.,지읒
잠자코,아무 말 없이 가만히.,지읒
잡다,손으로 움키고 놓지 않다.,지읒
잡담(雜談),쓸데없이 지껄이는 말.,지읒
잡동사니,온갖 것이 한데 뒤섞인 물건.,지읒
잡아채다,잡아서 낚듯이 세게 당기다.,지읒
ㅊ[치읓],한글 자모의 열째 글자.,치읓
차(車),바퀴가 굴러서 나아가게 하여 사람이나 짐을 실어 옮기는 기관.,치읓
차(茶),"식물의 잎이나 뿌리, 과실 따위를 달이거나 우린 물.",치읓
차고(車庫),"자동차, 기차, 전차 따위의 차량을 넣어 두는 곳.",치읓
차곡차곡,물건을 가지런히 겹쳐 쌓거나 포개는 모양.,치읓
차남(次男),둘째 아들.,치읓
차녀(次女),둘째 딸.,치읓
차다¹,"일정한 공간에 사람, 사물, 냄새 따위가 더 들어갈 수 없이 가득하게 되다.",치읓
차다²,주로 남녀 관계에서 일방적으로 관계를 끊다.,치읓
차다³,물건을 몸의 한 부분에 달아매거나 끼워서 지니다.,치읓
차다⁴,몸에 닿은 물체나 대기의 온도가 낮다.,치읓
차도(差度),병이 조금씩 나아가는 정도.,치읓
차돌,빛깔이 희고 단단한 돌.,치읓
차라리,"여러 가지 사실을 말할 때에, 저리 하는 것보다 이리 하는 것이 나음을 이르는 말.",치읓
차려,"제식 훈련에서, 몸과 정신을 바로 차리어 부동자세를 취하라는 구령.",치읓
차례(次例),순서 있게 구분하여 벌려 놓거나 그 중에 하나가 차지하는 위치.,치읓
차리다,해야 할 일에 준비를 갖추다.,치읓
차멀미,차를 탔을 때 메스껍고 어지러워 구역질이 나는 일.,치읓
차별(差別),둘 이상의 대상을 각각 등급이나 수준 따위의 차이를 두어서 구별함.,치읓
차비(車費),차를 타는 데에 드는 비용.,치읓
차씨(車氏),우리나라 성,치읓
차압(差押),‘압류,치읓
차용(借用),돈이나 물건 따위를 빌려서 씀.,치읓
차이(差異),서로 같지 아니하고 다름.,치읓
차장(次長),"관공서나 회사 따위에서, 과장보다 높고 부장보다는 낮은 직위에 있는 사람.",치읓
차지,"사물이나 공간, 지위 따위를 자기 몫으로 가짐.",치읓
차질(蹉跌),하던 일이 계획이나 의도에서 벗어나 틀어지는 일.,치읓
차차(次次),어떤 사물의 상태가 시간의 흐름에 따라 일정한 방향으로 조금씩 진행하는 모양.,치읓
차츰차츰,어떤 사물의 상태나 정도가 시간의 흐름에 따라 일정한 방향으로 조금씩 자꾸 변화하는 모양.,치읓
차표(車票),차를 타기 위하여 찻삯을 주고 사는 표.,치읓
착각(錯覺),어떤 사물이나 사실을 실제와 다르게 지각하거나 생각함.,치읓
착공(着工),공사를 시작함.,치읓
착란(錯亂),어지럽고 어수선함.,치읓
착륙(着陸),비행기 따위가 공중에서 활주로나 평평한 곳에 내림.,치읓
착복(着服),남의 재물을 부당하게 자기 것으로 함.,치읓
착수(着手),어떤 일에 손을 댐.,치읓
착실하다(着實-),사람이 한결같이 성실하다.,치읓
착오(錯誤),착각을 하여 잘못함.,치읓
착취(搾取),"자원이나 재산, 노동력 따위를 빼앗음.",치읓
착하다,언행이나 마음씨가 곱고 바르며 어질다.,치읓
찬란하다(燦爛-),빛깔이나 모양 따위가 매우 화려하고 아름답다.,치읓
찬사(讚辭),칭찬하거나 찬양하는 말이나 글.,치읓
찬성(贊成),"어떤 행동이나 견해, 제안 따위가 옳거나 좋다고 판단하여 수긍함.",치읓
찬송(讚頌),기독교에서 하나님의 은혜를 기리어 노래함.,치읓
찬송가(讚頌歌),찬송가를 모아 엮은 책.,치읓
찬스(chance),무슨 일을 하기에 알맞은 때.,치읓
찬양(讚揚),아름답고 훌륭함을 크게 기리고 드러냄.,치읓
찬장(饌欌),음식이나 그릇 따위를 넣어 두는 장.,치읓
찬조(贊助),어떤 일의 뜻에 찬동하여 도와줌.,치읓
찰나(刹那),매우 짧은 시간.,치읓
참,사실이나 이치에 조금도 어긋남이 없는 것. 또는 사실이나 이치에 조금도 어긋남이 없이 과연.,치읓
참가(參加),모임이나 단체 또는 일에 관계하여 들어감.,치읓
참견(參見),남의 일이나 얘기에 공연히 끼어들어 아는 체하거나 간섭함.,치읓
참고(參考¹),살펴서 생각함.,치읓
참고(參考²),살펴서 도움이 될 만한 재료로 삼음.,치읓
참관(參觀),어떤 자리에 직접 나아가서 봄.,치읓
참기름,참깨로 짠 기름.,치읓
참깨,볶아서 양념으로 쓰거나 기름을 짜는데 쓰이는 작고 하얀 씨.,치읓
참나무,"도토리가 열리고, 잎이 크고 길며 목재로 쓰는 나무.",치읓
참다,"충동, 감정 따위를 억누르고 다스리다.",치읓
참말,사실과 조금도 틀림이 없는 말.,치읓
참모(參謀),"우두머리의 측근에서 활동하는, 지모",치읓
참배(參拜),"신이나 부처에게 절을 하거나 무덤, 묘비 앞에서 추모의 뜻을 나타냄.",치읓
참변(慘變),뜻밖에 당하는 끔찍하고 비참한 재앙이나 사고.,치읓
참새,배는 연한 잿빛이며 등은 검은 갈색이고 인가의 지붕에 사는 작은 새.,치읓
참석(參席),모임이나 회의 따위의 자리에 참여함.,치읓
참선 (參禪),불교에서 조용히 앉아 고요한 경지에 이르기 위하여 불도를 닦음.,치읓
참외,색이 노랗고 길며 둥글고 맛이 달콤한 열매.,치읓
참작(參酌),이리저리 비추어 보아서 알맞게 고려함.,치읓
참패(慘敗),싸움이나 경기 따위에서 참혹할 만큼 크게 패배하거나 실패함.,치읓
참호(塹壕),적의 공격을 막기 위해 좁고 길게 파 놓은 구덩이.,치읓
참혹(慘酷),비참하고 끔찍함.,치읓
참회(懺悔),부처나 신 앞에서 자기의 잘못을 뉘우쳐 용서를 빎.,치읓
찹쌀,보통 쌀보다 찰기가 있는 쌀.,치읓
창(窓),창문,치읓
창(槍),① 창던지기에 쓰이는 기구. ② 옛날 무기의 하나.,치읓
창건(創建),건물이나 조직체 따위를 처음으로 세우거나 이룩함.,치읓
창고(倉庫),물건이나 자재를 저장하거나 보관하는 건물.,치읓
창공(蒼空),푸른 하늘.,치읓
창구(窓口),창을 통해 사람과 응대하고 돈의 출납 등 사무를 보는 곳.,치읓
창녀(娼女),돈을 받고 몸을 파는 일을 직업으로 하는 여자.,치읓
창립(創立),기관이나 단체 따위를 새로 만들어 세움.,치읓
창문(窓門),"공기나 햇빛을 받을 수 있고, 밖을 내다볼 수 있도록 벽이나 지붕에 낸 작은 문.",치읓
창백하다(蒼白-),얼굴빛이나 살빛이 핏기가 없고 푸른 기가 돌 만큼 해쓱하다.,치읓
창살(窓-),창이나 문에 가로·세로로 댄 문살.,치읓
창설(創設),기관이나 단체 따위를 처음으로 설치하거나 설립함.,치읓
창안(創案),"어떤 방안, 물건 따위를 처음으로 생각하여 냄.",치읓
창원(昌原),경상남도 남쪽에 있는 공업 도시.,치읓
창의(創意),새로운 의견을 생각하여 냄.,치읓
창자,큰창자와 작은창자를 통틀어 이르는 말.,치읓
창작(創作),방안이나 물건 따위를 처음으로 만들어 냄.,치읓
창조(創造),전에 없던 것을 처음으로 만듦.,치읓
창피(猖披),어떤 일이나 사실로 인하여 몹시 부끄럽다.,치읓
창호지(窓戶紙),주로 문을 바르는 데 쓰는 얇은 종이.,치읓
찾다,현재 주변에 없는 것을 얻거나 사람을 만나려고 여기저기를 뒤지거나 살피다.,치읓
채굴(採掘),땅을 파고 땅속에 묻혀 있는 광물 따위를 캐냄.,치읓
채비,"어떤 일을 하기 위하여 필요한 물건, 자세 따위를 미리 갖추어 차림.",치읓
채소(菜蔬),밭에서 기르는 농작물.,치읓
채용(採用),사람을 골라서 씀.,치읓
채우다,비어 있는 곳에 넣어 가득차게 하다.,치읓
채점(採點),시험 답안의 맞고 틀림을 살피어 점수를 매김.,치읓
채집(採集),널리 찾아서 얻거나 캐거나 잡아 모으는 일.,치읓
채찍,마소를 모는 물건.,치읓
채택(採擇),"작품, 의견, 제도 따위를 골라서 다루거나 뽑아 씀.",치읓
책(冊),"글, 그림 따위를 인쇄한 종이를 겹쳐 묶은 것.",치읓
책꽂이,책을 세워서 꽂아 두는 물건이나 장치.,치읓
책망(責望),잘못을 꾸짖거나 나무라며 못마땅하게 여김.,치읓
책상(冊床),앉아서 책을 읽거나 글을 쓰거나 사무를 보거나 할 때에 앞에 놓고 쓰는 상.,치읓
책임(責任),맡아서 해야 할 임무나 의무.,치읓
책임자(責任者),어떤 일이나 분야에서 책임을 질 만한 자리에 있는 사람.,치읓
ㅋ [ㅋ],한글 자모의 열한째 글자.,키읔
카드(card),고객의 신분과 계좌를 확인해주는 플라스틱 조각.,키읔
카메라(camera),사진을 찍는 기계.,키읔
카메룬(Cameroon),아프리카 서부 기니 만에 면한 연방제 공화국.,키읔
카스텔라(프 castella),"밀가루에 설탕, 달걀, 물엿 따위를 넣고 반죽하여 오븐에 구운 빵.",키읔
카자흐스탄(Kazakhstan),"카스피해 북동쪽, 중앙아시아의 스텝 지대에 있는 공화국.",키읔
카지노(이 casino),"춤, 음악 따위의 오락 시설을 갖춘 공인 도박장.",키읔
칼,물건을 베거나 썰거나 깎는 데 쓰는 도구.,키읔
칼싸움,칼이나 칼 모양의 것으로 하는 싸움.,키읔
캄보디아(Cambodia),동남아시아의 인도차이나 반도 동남부에 있는 공화국.,키읔
캄캄하다,몹시 어둡다.,키읔
캐나다(Canada),"북아메리카 대륙 북부에 있는, 영국 연방 내의 연방 국가.",키읔
캐다,묻힌 것을 파내다.,키읔
캐어묻다,깊이 파고들어 묻다.,키읔
캠퍼스(campus),대학이나 그 밖의 학교의 교정 또는 구내.,키읔
캠핑(camping),산이나 들 또는 바닷가 따위에서 텐트를 치고 야영하는 일.,키읔
캥거루(kangaroo),몸은 담회색이며 앞다리는 짧고 뒷다리는 길어서 잘 뛰는 초식성 동물.,키읔
커녕,어떤 사실을 부정하는 것은 물론 그보다 덜하거나 못한 것까지 부정하는 뜻을 나타내는 보조사.,키읔
커닝(cunning),시험을 칠 때 감독자 몰래 미리 준비한 답을 보고 쓰거나 남의 것을 베끼는 일.,키읔
커브(curve),길이나 선 따위의 굽은 부분.,키읔
커지다,크게 되다.,키읔
커튼(curtain),창이나 문에 치는 휘장.,키읔
커피(coffee),"독특한 향기가 나며 물에 끓여 차로 마시는, 커피나무 열매를 볶아서 간 가루.",키읔
컨디션(condition),몸의 건강이나 기분 따위의 상태.,키읔
컴퍼스(compass),자유롭게 폈다 오므렸다 할 수 있는 두 다리를 가진 제도용 기구.,키읔
컴퓨터(computer),전자 회로를 이용한 고속의 자동 계산기.,키읔
컵(cup),물이나 음료 따위를 따라 마시려고 만든 그릇.,키읔
케냐(Kenya),"아프리카 동부, 적도 바로 아래에 있는 공화국.",키읔
케이블카(cable car),경사가 급한 사면을 따라서 부설된 레일 위에 강철로 꼬아 만든 케이블을 감아 올리는 기계로 차량을 운전하여 승객이나 화물을 운반하는 철도.,키읔
케이오(KO),녹아웃,키읔
켜다¹,양초 따위에 성냥 따위로 불을 일으키다.,키읔
켜다²,전등 따위에 불을 밝히다.,키읔
코,포유류의 얼굴 중앙에 있으며 냄새를 맡고 숨을 쉬는 기관.,키읔
코끼리,살가죽은 회색으로 두꺼우며 긴 코와 상아를 가진 육지에서 가장 큰 동물.,키읔
코러스(chorus),합창,키읔
코를 풀다,,키읔
코미디(comedy),희극.,키읔
코뿔소,"콧등에 뿔이 있는, 주로 열대 지방의 습지에 사는 동물.",키읔
코스(course),어떤 목적에 따라 정하여진 길.,키읔
코스모스(cosmos),높이가 1～2미터이고 주로 가을에 여러 빛깔로 꽃을 피우는 식물.,키읔
코스타리카(Costa Rica),중앙아메리카 남쪽에 있는 공화국.,키읔
코치(coach),지도하여 가르침.,키읔
코트(coat),추위를 막기 위하여 겉옷 위에 입는 옷.,키읔
콘크리트(concrete),"시멘트에 모래와 자갈, 골재 따위를 적당히 섞고 물에 반죽한 혼합물.",키읔
콜라(cola),콜라나무의 종자와 코카의 잎을 주원료로 사용하여 만드는 청량음료.,키읔
콜레라(cholera),콜레라균에 의하여 일어나는 소화기 계통의 전염병.,키읔
콜롬비아(Colombia),남아메리카 대륙의 북서부에 있는 공화국.,키읔
콧물,콧구멍에서 흘러나오는 액체.,키읔
콩,"노랗거나 까만빛을 띠며 콩나물, 두부, 된장의 재료가 되는 곡물.",키읔
콩고(Congo),아프리카 중부 대서양 연안에 있는 인민 공화국.,키읔
콩나물,콩을 시루 따위의 그릇에 담아 그늘에 두고 물을 주어 자라게 한 것.,키읔
쾌감(快感),상쾌하고 즐거운 느낌.,키읔
쾌락(快樂),유쾌하고 즐거움.,키읔
쾌적하다(快適-),기분이 상쾌하고 즐겁다.,키읔
쾌활하다(快活-),명랑하고 활발하다.,키읔
쿠데타,무력으로 정권을 빼앗는 일.,키읔
쿠바(Cuba),중앙아메리카 서인도 제도 가운데 가장 큰 섬인 쿠바 섬과 그 주변의 섬으로 이루어진 사회주의 공화국.,키읔
쿠웨이트(Kuwait),"아라비아 반도 동북부, 페르시아 만에 면한 입헌 군주국.",키읔
쿵,?? 크고 무거운 물건이 바닥이나 물체 위에 떨어지거나 부딪쳐 나는 소리.,키읔
퀴즈(quiz),어떤 질문에 대한 답을 알아맞히는 놀이 또는 그 질문을 통틀어 이르는 말.,키읔
크다,"사람이나 사물의 외형적 길이, 넓이, 높이, 부피 따위가 보통 정도를 넘다.",키읔
크레파스(kurepasu),크레용과 파스텔의 특색을 따서 만든 막대기 모양의 물감.,키읔
크로아티아(Croatia),"유럽 남동부, 발칸 반도 북서부에 있는 공화국.",키읔
크리스마스(Christmas),예수의 탄생을 기념하는 날로 매년 12월 25일.,키읔
크림(cream),피부나 머리 손질에 쓰는 기초화장품.,키읔
큰아버지,둘 이상의 아버지의 형 가운데 맏이가 되는 형.,키읔
큰어머니,아버지 맏형의 아내를 이르는 말.,키읔
클라이맥스(climax),"흥분, 긴장 따위가 가장 높은 정도에 이른 상태.",키읔
클랙슨(Klaxon),자동차의 경적.,키읔
키,사람이나 동물이 똑바로 섰을 때에 발바닥에서 머리끝에 이르는 몸의 길이.,키읔
키가 크다,,키읔
키스(kiss),서로 입을 맞춤.,키읔
키우다,자라게 하다.,키읔
킬로그램(kilogram),미터법의 질량의 기본 단위로 1그램의 1000배.,키읔
킬로미터(kilometer),미터법의 길이의 기본 단위로 1미터의 1000배.,키읔
ㅌ [티읕],한글 자모의 열두째 글자.,티읕
타개(打開),매우 어렵거나 막힌 일을 잘 처리하여 해결의 길을 엶.,티읕
타결(妥結),두 편이 서로 좋도록 협의·절충하여 일을 마무름. 또는 그 일.,티읕
타다¹,불씨나 높은 열로 불이 붙어 번지거나 불꽃이 일어나다.,티읕
타다²,물기가 없어 바싹 마르다.,티읕
타다³,탈것이나 짐승의 등 따위에 몸을 얹다.,티읕
타당하다(妥當-),일의 이치로 보아 옳다.,티읕
타락(墮落),올바른 길에서 벗어나 잘못된 길로 빠지는 일.,티읕
타이르다,잘 깨닫도록 일의 이치를 밝혀 말해 주다.,티읕
타자(打者),"야구에서, 상대편 투수의 공을 치는 공격진의 선수. 타수.",티읕
타작(打作),곡식의 이삭을 떨어서 낟알을 거두는 일.,티읕
타조(駝鳥),머리는 작고 눈은 크고 다리가 길지만 날지 못하는 큰 새.,티읕
탁구(卓球),나무로 만든 대(臺)의 가운데에 네트를 치고 라켓으로 공을 쳐 넘겨 승부를 겨루는 구기 경기.,티읕
탁월하다(卓越-),남보다 두드러지게 뛰어나다.,티읕
탄광(炭鑛),석탄을 캐내는 광산.,티읕
탄력(彈力),용수철처럼 튀거나 팽팽하게 버티는 힘.,티읕
탄로(綻露),숨긴 일이 드러남.,티읕
탄복(歎服),매우 감탄하여 마음으로 따름.,티읕
탄생(誕生),성인(聖人) 또는 귀인이 태어남을 높여 이르는 말.,티읕
탄식(歎息),한탄하여 한숨을 쉼.,티읕
탄압(彈壓),권력이나 무력 따위로 억지로 눌러 꼼짝 못하게 함.,티읕
탄원(歎願),사정을 하소연하여 도와주기를 간절히 바람.,티읕
탄자니아(Tanzania),"아프리카 대륙 동부, 인도양에 면하여 있는 연합 공화국.",티읕
탈,"얼굴을 감추거나 달리 꾸미기 위하여 나무, 종이, 흙 따위로 만들어 얼굴에 쓰는 물건.",티읕
탈곡(脫穀),곡식의 낱알을 이삭에서 털어냄.,티읕
탈곡기(脫穀機),"벼, 보리 따위의 이삭에서 낱알을 떨어내는 농기계.",티읕
탈색(脫色),섬유 제품 따위에 들어 있는 색깔을 뺌.,티읕
탈선(脫線),기차나 전차 따위의 바퀴가 선로를 벗어남.,티읕
탈영(脫營),군인이 자기가 속한 병영에서 무단으로 빠져나와 도망함.,티읕
탈옥(脫獄),죄수가 감옥에서 빠져나와 달아남.,티읕
탈퇴(脫退),관계를 끊고 물러남.,티읕
탈환(奪還),빼앗겼던 것을 도로 빼앗아 찾음.,티읕
탐구(探究),"진리, 학문 따위를 파고들어 깊이 연구함.",티읕
탐닉(耽溺),어떤 일을 지나치게 즐겨 거기에 빠짐.,티읕
탐독(耽讀),어떤 글이나 책 따위를 열중하여 읽음.,티읕
탐색(探索),드러나지 않은 사물이나 현상 따위를 찾아내거나 밝히기 위하여 살피어 찾음.,티읕
탐욕(貪慾),지나치게 탐하는 욕심.,티읕
탐험(探險),위험을 무릅쓰고 어떤 곳을 찾아가서 살펴보고 조사함.,티읕
탑(塔),여러 층으로 또는 높고 뾰족하게 세운 건축물을 통틀어 이르는 말.,티읕
탓,주로 부정적인 현상이 생겨난 까닭이나 원인.,티읕
탕진(蕩盡),재물 따위를 다 써서 없앰.,티읕
태국(泰國 ← Thailand),인도차이나 반도 가운데에 있는 입헌 군주국.,티읕
태권도(跆拳道),맨손과 맨발로 공격하거나 방어하는 한국의 무술.,티읕
태극기(太極旗),대한민국의 국기.,티읕
태도(態度),몸과 마음을 가지는 모양.,티읕
태만(怠慢),열심히 하려는 마음이 없고 게으름.,티읕
태산(泰山),높고 큰 산.,티읕
태양(太陽),태양계의 중심이 되는 행성.,티읕
태어나다(胎),사람이나 동물이 형태를 갖추어 어미의 태(胎)로부터 세상에 나오다.,티읕
태연자약(泰然自若),마음에 어떠한 충동을 받아도 동작이 없이 천연스러움.,티읕
태초(太初),하늘과 땅이 생겨난 맨 처음.,티읕
태평양(太平洋),오대양의 하나.,티읕
태풍(颱風),심한 열대성 저기압에 의하여 서남 태평양에 생기는 매우 센 바람.,티읕
택배(宅配),"우편물이나 짐, 상품 따위를 요구하는 장소까지 직접 배달해 주는 일.",티읕
택시(taxi),요금을 받고 손님이 원하는 곳까지 태워다 주는 영업용 승용차.,티읕
택하다,여럿 가운데서 고르다.,티읕
탱크(tank),전차.,티읕
터,집이나 건물을 지었거나 지을 자리.,티읕
터널(tunnel),"산, 바다, 강 따위의 밑을 뚫어 만든 철도나 도로 따위의 통로.",티읕
터득(攄得),깊이 생각하여 이치를 깨달아 알아냄.,티읕
터뜨리다,터지게 하다.,티읕
터미널(terminal),"항공, 열차, 버스 노선 따위의 맨 끝 지점.",티읕
터전,살림의 근거지가 되는 곳.,티읕
터지다,안이 가득차서 겉이 찢어지다.,티읕
터키(Turkey),"아시아의 서쪽 끝, 유럽의 동남쪽에 있는 공화국.",티읕
턱¹,사람의 입 아래에 있는 뾰족하게 나온 부분.,티읕
턱²,좋은 일이 있을 때에 남에게 베푸는 음식 대접.,티읕
털,사람이나 동물의 피부에 나는 가느다란 실 모양의 것.,티읕
털다,"달려 있는 것, 붙어 있는 것 따위가 떨어지게 흔들거나 치거나 하다.",티읕
테이프(tape),종이나 헝겊 따위로 만든 얇고 긴 띠 모양의 오라기.,티읕
텔레비전(television),사물의 광학적인 상을 전파에 실어 보내어 수신 장치에 재현하는 전기 통신 방식.,티읕
토끼,귀는 길고 꼬리는 짧은 앞발이 짧고 뒷발이 긴 짐승.,티읕
토너먼트(tournament),"운동 경기 따위에서, 시합 때마다 패자는 떨어져 나가고 마지막에 남은 두 사람(팀)으로 하여금 우승을 겨루게 하는 방식.",티읕
토라지다,마음에 들지 아니하고 뒤틀리어서 싹 돌아서다.,티읕
토론(討論),어떤 문제에 대하여 여러 사람이 각각 의견을 말하며 논의함.,티읕
토마토(tomato),둥글넓적하며 즙이 많아 케첩과 주스의 재료가 되는 열매.,티읕
토스트(toast),식빵을 얇게 썰어 양쪽을 살짝 구운 식빵.,티읕
토요일(土曜日),월요일을 기준으로 한 주의 여섯째 날.,티읕
토의(討議),어떤 문제에 대하여 검토하고 협의함.,티읕
토지(土地),사람의 생활과 활동에 이용하는 땅.,티읕
토질(土質),흙의 성질.,티읕
토하다(吐-),먹은 것을 입 밖으로 쏟아내다.,티읕
톤(ton),무게의 단위.,티읕
톱,나무나 쇠붙이 따위를 자르거나 켜는 데 쓰는 연장.,티읕
통(桶),"무엇을 담기 위하여 나무나 쇠, 플라스틱 따위로 깊게 만든 그릇.",티읕
통계(統計),어떤 사실이나 사물의 수나 횟수를 모두 합한 수치.,티읕
통고(通告),서면(書面)이나 말로 소식을 전하여 알림.,티읕
통곡(痛哭),소리를 높여 슬피 욺.,티읕
통과¹(通過),제출된 의안이나 청원 따위가 담당 기관이나 회의에서 승인되거나 가결됨.,티읕
통과²(通過),통하여 지나감.,티읕
통솔(統率),무리를 거느려 다스림.,티읕
통신(通信),"우편이나 전신, 전화 따위로 정보나 의사를 전달함.",티읕
통역(通譯),언어가 서로 다른 사람 사이에서 뜻이 통하도록 말을 옮겨 줌.,티읕
통일(統一),갈라지거나 나누어진 것을 하나로 만듦.,티읕
통일부(統一部),"중앙 행정 기관의 하나. 통일 및 남북 대화·교류·협력에 관한 정책의 수립, 통일 교육 등에 관한 사무를 맡아봄.",티읕
통장(通帳),"금융 기관에서, 예금한 사람에게 출납의 상태를 적어 주는 장부.",티읕
통조림,고기나 과일 따위의 식료품을 양철통에 넣고 가열·살균한 뒤 밀봉하여 오래 보존할 수 있도록 한 식품.,티읕
통치(統治),나라나 지역을 도맡아 다스림.,티읕
통풍(通風),바람이 통함.,티읕
통하다(通-),마음 또는 의사나 말 따위가 다른 사람과 소통되다.,티읕
통학(通學),기숙사가 아닌 집에서 학교까지 다님.,티읕
통합(統合),둘 이상의 조직이나 기구 따위를 하나로 합침.,티읕
통행(通行),일정한 장소를 지나다님.,티읕
통화(通話),전화로 말을 주고받음.,티읕
퇴근(退勤),일터에서 근무를 마치고 돌아가거나 돌아옴.,티읕
퇴보(退步),정도나 수준이 이제까지의 상태보다 뒤떨어지거나 못하게 됨.,티읕
퇴비(堆肥),"짚, 풀 따위를 썩혀서 만든 거름.",티읕
퇴원(退院),일정 기간 병원에 머물던 환자가 병원에서 나옴.,티읕
퇴장¹(退場),어떤 장소에서 물러남.,티읕
퇴장²(退場),경기 도중 반칙 따위로 경기장에서 물러남.,티읕
ㅍ [피읖],한글 자모의 열셋째 글자.,피읖
파,푸른 잎이 대롱 모양으로 된 독특한 냄새와 맛이 나는 채소.,피읖
파견(派遣),일정한 임무를 주어 사람을 보냄.,피읖
파괴(破壞),때려 부수거나 깨뜨려 헐어 버림.,피읖
파급(波及),어떤 일의 여파나 영향이 차차 다른 데로 미침.,피읖
파나마(Panama),중앙아메리카의 파나마 지협(地峽)에 있는 공화국.,피읖
파다,구멍이나 구덩이를 만들다.,피읖
파도(波濤),바다에 이는 물결.,피읖
파라과이(Paraguay),남아메리카 중남부에 있는 나라.,피읖
파라솔(프 parasol),"해변이나 강변 따위에서, 햇빛을 가리거나 탁자 위를 가릴 수 있도록 쳐 놓는 커다란 양산.",피읖
파랑,파란 빛깔이나 물감.,피읖
파랗다,"맑은 가을 하늘이나 깊은 바다, 새싹과 같이 밝고 선명하게 푸르다.",피읖
파리,주로 음식물이나 더러운 물질에 몰려들며 전염병을 옮기는 작은 곤충.,피읖
파면(罷免),잘못을 저지른 사람에게 직무나 직업을 그만두게 함.,피읖
파묻다,땅을 파고 무엇을 묻다.,피읖
파손(破損),깨어져 못 쓰게 됨.,피읖
파악(把握),어떤 대상의 내용이나 본질을 확실하게 앎.,피읖
파업(罷業),노동자들이 정부나 경영주에게 요구를 제기하고 관철하기 위해 작업을 중지함.,피읖
파출소(派出所),경찰서의 관할 지역 안에 있는 동(洞)마다 경찰관을 파견하여 경찰 업무를 일차적으로 처리하도록 만든 곳. 지구대.,피읖
파키스탄(Pakistan),인도 반도 북서부에 있는 공화국.,피읖
파티(party),친목을 도모하거나 무엇을 기념하기 위한 잔치나 모임.,피읖
파하다(罷-),어떤 일을 마치거나 그만두다.,피읖
판결(判決),시비나 선악을 판단하여 결정함.,피읖
판단(判斷),사물을 인식하여 논리나 기준 등에 따라 판정을 내림.,피읖
판매(販賣),상품 따위를 팖.,피읖
판사(判事),대법원을 제외한 각급 법원의 법관.,피읖
판이하다(判異-),"비교 대상의 성질이나 모양, 상태 따위가 아주 다르다.",피읖
팔(八),여덟.,피읖
팔,어깨와 손목 사이의 부분.,피읖
팔다,값을 받고 물건이나 권리 따위를 남에게 넘기거나 노력 따위를 제공하다.,피읖
팔레스타인(Palestine),"아시아 서쪽, 지중해 남동쪽 기슭에 있는 지방.",피읖
팔십(八十),십의 여덟 배가 되는 수. 여든.,피읖
팔월(八月),일년 중의 여덟째 달.,피읖
팔자(八字),사람의 한 평생의 운수.,피읖
팔짱,나란히 있는 두 사람 중 한 사람이 옆 사람의 팔에 자신의 팔을 끼는 일.,피읖
팔찌,여자의 팔에 끼는 장신구.,피읖
팥,주로 쌀에 섞어 밥을 짓거나 떡 고물로 쓰이는 자줏빛의 곡식.,피읖
패다,도끼로 장작 따위를 쪼개다.,피읖
패물(佩物),"사람의 몸치장으로 차는, 귀금속 따위로 만든 장식물.",피읖
패배(敗北),싸움이나 경쟁에서 짐.,피읖
패션(fashion),특정한 시기에 유행하는 복식의 일정한 형식.,피읖
팩스(fax),문서·도표·사진 따위의 화상을 원거리에 전송하는 전기 통신 방식.팩시밀리(facsimile).,피읖
팬티(panties),아랫도리에 입는 짧은 속옷.,피읖
팽이,둥글고 짧은 나무의 한쪽 끝을 뾰족하게 깎아서 쇠구슬 따위의 심을 박아 만든 아이들의 장난감.,피읖
팽창(膨脹),부피나 수량이 본디의 상태보다 커짐.,피읖
팽팽하다,줄이나 끈이 늘어지지 않고 힘껏 당겨져 있다. 시위.,피읖
퍼뜨리다,널리 퍼지게 하다.,피읖
퍼센트(percent),백분율을 나타내는 단위.,피읖
퍼지다,어떤 물질이나 현상 따위가 넓은 범위에 미치다.,피읖
퍽,보통 정도를 훨씬 넘게.,피읖
펌프(pump),사람이 손잡이를 상하로 되풀이하여 동작으로써 그 압력에 의하여 땅속에 수직으로 박혀 있는 관을 통하여 지하수가 땅 위로 나오도록 하는 기구.,피읖
페널티킥(penalty kick),"축구에서, 페널티 에어리어 안에서 방어 측이 반칙하였을 때 상대측에게 주어지는 킥.",피읖
페달(pedal),발로 밟거나 눌러서 기계류를 작동시키는 부품.,피읖
페루(Peru),남아메리카 서북부 태평양 연안에 있는 공화국.,피읖
페이지(page),책이나 장부 따위의 한쪽 면,피읖
펜(pen),펜촉에 펜대를 끼워서 글씨를 쓰는 기구의 하나.,피읖
펜싱(fencing),"철망으로 된 마스크를 쓰고 검을 쥔 두 명의 경기자가, 마루 위에서 서로 찌르거나 베는 방법으로 득점을 얻어 승부를 겨루는 경기.",피읖
펭귄(penguin),머리와 등이 검고 배가 희며 날지 못하고 서서 걷는 남극 지방의 새.,피읖
펴다¹,접히거나 개킨 것을 젖히어 벌리다.,피읖
펴다²,굽은 것을 곧게 하다.,피읖
펴다³,어둡거나 우울한 기운이나 표정을 없애다.,피읖
편리(便利),편하고 이로우며 이용하기 쉬움.,피읖
편물(編物),‘뜨개질’을 전문적으로 이르는 말.,피읖
편안(便安),편하고 걱정 없이 좋음.,피읖
편의(便宜),형편이나 조건 따위가 편하고 좋음.,피읖
편지(便紙),"안부, 소식, 용무 따위를 적어 보내는 글.",피읖
편집(編輯),"영화 필름이나 녹음테이프, 문서 따위를 하나의 작품으로 완성하는 일.",피읖
편하다(便-),몸이나 마음이 거북하거나 괴롭지 아니하여 좋다.,피읖
평가(評價),사물의 가치나 수준 따위를 평함.,피읖
평균(平均),여러 사물의 질이나 양 따위를 고르게 한 분량이나 그 값.,피읖
평등(平等),"권리, 의무, 자격 등이 차별 없이 고르고 똑같음.",피읖
평면도(平面圖),투영법에 의하여 입체를 수평면 상에 투영하여 그린 도형.,피읖
평범(平凡),뛰어나거나 색다른 점이 없이 보통임.,피읖
평상시(平常時),보통 때.평상시에.,피읖
평생(平生),어떠한 계획이나 자격이 일생 동안 지속됨.평생을. 평생토록.,피읖
평소(平素),보통 때.,피읖
평신도(平信徒),기독교에서 성직자가 아닌 일반 신자.,피읖
평안남도(平安南道),우리나라 북서부에 있는 도.,피읖
평안북도(平安北道),우리나라 북서부에 있는 도.,피읖
평야(平野),"기복이 매우 작고, 지표면이 평평하고 너른 들.",피읖
평양(平壤),평안남도 남서쪽에 있는 도시.,피읖
평일(平日),휴일이나 기념일이 아닌 보통의 날.,피읖
평지(平地),바닥이 평평한 땅.,피읖
평행봉(平行棒),네 개의 기둥 위에 두 개의 대를 가로놓은 체조 기구.,피읖
평화(平和),"전쟁, 분쟁 또는 일체의 갈등이 없이 평온함.",피읖
폐결핵(肺結核),폐에 결핵균이 침입하여 생기는 만성 전염병.,피읖
폐단(弊端),옳지 못한 일이나 해로운 일.,피읖
폐렴(肺炎),폐에 생기는 염증.,피읖
폐막(閉幕),행사가 끝남.,피읖
폐백(幣帛),신부가 처음으로 시부모를 뵐 때 큰절을 하고 올리는 물건.,피읖
폐병(肺病),폐의 질병의 총칭. ‘폐결핵’을 일상적으로 이르는 말.,피읖
폐수(廢水),공장이나 광산 등지에서 쓰고 난 뒤에 버리는 더러운 물.,피읖
폐업(閉業),문을 닫고 영업을 쉼.,피읖
폐지(廢止),"실시하여 오던 제도나 법규, 일 따위를 그만두거나 없앰.",피읖
폐허(廢墟),건물이나 성 따위가 파괴되어 황폐하게 된 터.,피읖
폐회(閉會),집회나 회의가 끝남.,피읖
포개다,무엇을 다른 것 위에 얹어 겹쳐지게 하다.,피읖
포격(砲擊),대포를 쏨.,피읖
포경 수술(包莖 手術),포피(包皮)를 잘라 덮여 있는 음경의 귀두부를 드러내는 외과 수술.,피읖
포교(布敎),종교를 널리 알려 믿게 함.,피읖
포근하다,도톰한 물건이나 자리 따위가 보드랍고 따뜻하다.,피읖
포기(抛棄),하려던 일을 도중에 그만두어 버림.,피읖
포도(葡萄),"푸른빛, 자주빛, 검은빛 등의 색깔을 가진 달콤하고 신 과일.",피읖
포도주(葡萄酒),포도의 즙을 원료로 하여 담근 술.,피읖
포로(捕虜),사로잡은 적.,피읖
포르투갈(Portugal),유럽 남부 이베리아 반도 서쪽 끝에 있는 공화국.,피읖
포마드(pomade),머리털에 바르는 반고체의 진득진득한 기름.,피읖
포병(砲兵),"육군에서, 포 사격을 맡아 하는 군대나 군인.",피읖
포상(褒賞),칭찬하고 장려하여 상을 줌.,피읖
포섭(包攝),상대편을 자기편으로 끌어 넣음.,피읖
ㅎ [히읗],,히읗
하교(下校),학교에서 공부를 마치고 돌아옴.,히읗
하나님,기독교에서 믿는 유일신.,히읗
하나하나,각각의 낱개. 하나씩.,히읗
하느님,우주를 창조하고 주재한다고 믿어지는 초자연적인 절대자.,히읗
하늘,지평선이나 수평선 위로 보이는 무한대의 넓은 공간.,히읗
하다,"사람이나 동물, 물체 따위가 행동이나 작용을 이루다.",히읗
하드 디스크(hard disk),"컴퓨터에서 헤드, 디스크 따위를 넣어 밀봉한 고정 자기 장치.",히읗
하루,한 낮과 한 밤이 지나는 동안의 24시간.,히읗
하마(河馬),호수나 늪지대에서 사는 입이 아주 큰 짐승.,히읗
하마터면,조금만 잘못하였더라면.,히읗
하모니카(harmonica),"직사각형의 틀에 조그마한 칸을 여러 개 만들고, 칸마다 쇠붙이를 끼워 만든 작은 관악기.",히읗
하물며,‘더군다나’의 뜻을 가진 접속 부사.,히읗
하반신(下半身),몸의 허리 아래 부분.,히읗
하복(夏服),여름철에 입는 옷.,히읗
하사(下士),중사의 바로 아래 계급 또는 그 계급을 가진 군인.,히읗
하소연,억울한 일이나 딱한 사정 따위를 간곡히 호소함.,히읗
하숙(下宿),일정한 방세와 식비를 내고 남의 집에 머물면서 숙식함.,히읗
하순(下旬),한 달 가운데 스무하룻날부터 그믐날까지의 동안.,히읗
하야(下野),권력자가 관직이나 정계에서 물러남을 이르는 말.,히읗
하양,흰 빛.,히읗
하와이(Hawaii),미국 하와이 주 가운데 가장 큰 섬.,히읗
하이킹(hiking),산이나 들 같은 곳을 걸어서 여행함.,히읗
하이힐(high heeled shoes),굽이 높은 여자용 구두.,히읗
하체(下體),물체나 신체의 아랫부분.,히읗
하품,"졸리거나 고단하거나 배부르거나 할 때, 절로 입이 벌어지면서 하는 깊은 호흡.",히읗
학(鶴),목과 다리가 길고 몸통이 흰 큰 새.,히읗
학과(學科),교수 또는 연구의 편의를 위하여 구분한 학술의 분과.,히읗
학교(學校),일정한 목적·교육 과정·설비·제도 및 법규에 의하여 교사가 계속적으로 학생에게 교육을 실시하는 기관.,히읗
학급(學級),한 교실에서 공부하는 학생의 단위 집단.,히읗
학기(學期),한 학년 동안의 수업 시일을 나누어 놓은 기간.,히읗
학년(學年),일 년 간의 학습 과정의 단위.,히읗
학대(虐待),몹시 괴롭히거나 가혹하게 대우함.,히읗
학력(學歷),학교 교육을 받은 경력.,히읗
학령(學齡),초등학교에 들어가야 할 나이.,히읗
학문(學問),어떤 분야를 체계적으로 배워서 익힘. 또는 그런 지식.,히읗
학부모(學父母),학교에 다니는 자녀를 둔 부모.,히읗
학비(學費),공부하는 데 드는 돈.,히읗
학사(學士),대학의 학부 과정을 마치고 규정된 절차를 밟은 사람에게 수여하는 학위를 이르는 말.,히읗
학생(學生),학교에 다니면서 공부하는 사람.,히읗
학습(學習),배워서 익힘.,히읗
학식(學識),학문과 식견을 통틀어 이르는 말.,히읗
학업(學業),공부하여 학문을 닦는 일.,히읗
학예회(學藝會),"무용, 노래, 연극 등을 학부모나 일반인들에게 보여주는 행사.",히읗
학용품(學用品),공부에 필요한 물품,히읗
학원(學園),학교 및 기타 교육 기관을 통틀어 이르는 말.,히읗
학자(學者),학문에 능통한 사람.,히읗
학점(學點),대학 또는 대학원에서 한 학과에 대한 성적을 표시하는 단위.,히읗
학질,모기에 의해 전염되며 열과 오한 증세를 보이는 병.,히읗
학창(學窓),"배움의 창가라는 뜻으로, 공부하는 교실이나 학교를 이르는 말.",히읗
학칙(學則),"학교의 학과, 편제, 교과 과정, 입학, 졸업, 상벌 따위에 관한 규칙.",히읗
학회(學會),학문을 깊이 있게 연구하고 더욱 발전시키기 위하여 만든 모임.,히읗
한(恨),몹시 원망스럽고 억울하거나 안타깝고 슬퍼 응어리진 마음. 원한.,히읗
한가롭다(閑暇-),한가한 느낌이 있다.,히읗
한가운데,가운데에서도 가장 중심이 되는 곳.,히읗
한가위,음력으로 팔월 보름날에 지내는 명절.,히읗
한가지,"형태, 성질, 동작 따위가 서로 같은 것.",히읗
한강(漢江),우리나라 중부를 흐르는 강.,히읗
한결,전에 비하여서 한층 더.,히읗
한결같다,처음부터 끝까지 변함없이 꼭 같다.,히읗
한계(限界),"사물이나 능력, 책임 따위가 실제 작용할 수 있는 범위.",히읗
한국(韓國),대한민국.,히읗
한국수화(韓國手話),한국 농인들이 농인사회에서 사용하는 비음성 언어.,히읗
한국어(韓國語),한국인이 쓰는 언어.,히읗
한국장애인고용촉진공(韓國障碍人雇傭促進,"장애인이 직업 생활을 통해 자립할 수 있도록 지원하고, 고용촉진 및 직업재활 업무를 수행하기 위한 목적으로 설립된 공단.",히읗
한글,우리나라 고유 글자의 이름. 세종대왕이 창제한 훈민정음을 20세기 이후 달리 이르는 말.,히읗
한글날,"세종대왕이 창제한 훈민정음의 반포를 기념하고, 한글을 보급·연구하는 일을 장려하기 위하여 정한 날.",히읗
한글 지문자(-指文字),"손가락으로 한글 자모의 모양을 지어, 이를 부호(符號)로 한 문자.",히읗
한길,사람이 많이 다니는 큰 길.,히읗
한꺼번에,몰아서 한 차례에.,히읗
한나절,하루 낮의 반(半).,히읗
한낮,낮 열두시를 전후한 시간.,히읗
한낱,기껏해야 대단한 것 없이 다만.,히읗
한도(限度),일정한 정도 이상을 넘을 수 없는 범위.,히읗
한동안,꽤 오랫동안.,히읗
한때,어느 한 시기.,히읗
한라산(漢拏山),제주도 중앙에 있는 산.,히읗
한문(漢文),한자(漢字)만으로 쓰여진 문장이나 문학.,히읗
한반도(韓半島),우리나라 국토 전역을 포괄하는 반도.,히읗
한번(一番),어떤 일을 시험 삼아 시도함을 나타내는 말.,히읗
한복(韓服),우리나라의 고유한 옷.,히읗
한사코(限死-),몹시 고집을 세워.,히읗
한센병(Hansen病),‘나병’을 달리 이르는 말.,히읗
한식(韓食),우리나라 고유의 음식이나 식사.,히읗
한약(韓藥),한방에서 쓰는 약.,히읗
한없다(限-),끝이 없다. 한없이.,히읗
한의사(韓醫師),한의학을 전공한 의사.,히읗
한자(漢字),중국어를 표기하는 문자.,히읗
한참,시간이 상당히 지나는 동안.,히읗
한창,가장 활기차게 활동하거나 어떤 일이 일어날 때.,히읗
한층¹(一層),"한결, 더욱.",히읗
한 층²,여러 층으로 지은 집에서 같은 높이를 이루고 있는 부분 중 1개 층.,히읗
한탄(恨歎),원통하거나 뉘우쳐지거나 하여 한숨을 쉬며 탄식함.,히읗
한턱,크게 남에게 음식을 대접함.,히읗
한테,에게'의 뜻으로 쓰이는 부사격 조사.,히읗
한파(寒波),갑자기 몰아치는 추위.,히읗
한편(一便),한쪽. 일방. 한쪽으로는.,히읗
한평생(一平生),살아 있는 동안.,히읗
할렐루야(히 Hallelujah),하나님을 찬양한다는 뜻을 나타내는 말.,히읗
할머니,아버지나 어머니의 어머니 또는 나이가 많이 든 늙은 여자.,히읗
할 수 없다,어떤 일을 감당할 능력이나 자신이 없다.,히읗
할 수 있다,,히읗
할아버지,아버지나 어머니의 아버지 또는 나이가 많이 든 늙은 남자.,히읗
할인(割引),일정한 값에서 얼마를 뺌.,히읗
할퀴다,손톱이나 날카로운 물건으로 긁어 상처를 내다.,히읗
핥다,① 혀를 무엇에 대고 맛보다. ② 혓바닥으로 물건 겉을 쓸어들이다.,히읗
함경남도(咸鏡南道),우리나라 북동부에 있는 도.,히읗
함경북도(咸鏡北道),우리나라 가장 북쪽에 있는 도.,히읗
함구(緘口),어떤 사실에 대해 말하지 아니함.,히읗
함께,더불어서. 여럿이 한데 같이.,히읗
